id,studio_id,instructor_id,source,source_id,title,style,difficulty,pacing,duration_min,price,description,target_outcomes,contraindications,schedule,crawled_at,search_vec
1,,,taling,08da0ffc64a58174,마음챙김 명상요가 - 마음 가는 대로 요가,yin,,,,,,,,"{""city"": ""서울"", ""type"": ""private"", ""instructor"": null, ""platform_url"": ""https://www.taling.me""}",2026-07-10T07:46:43.591782+00:00,'yin':7 '가는':4 '대로':5 '마음':3 '마음챙김':1 '명상요가':2 '요가':6
2,,,taling,d95f7494d00c43f0,무너진 체형 8주 만에 리셋! <체형 교정 솔루션 요가>,yoga,,,,,,,,"{""city"": ""서울"", ""type"": ""private"", ""instructor"": null, ""platform_url"": ""https://www.taling.me""}",2026-07-10T07:46:43.598013+00:00,"'8주':3 'yoga':10 '교정':7 '리셋':5 '만에':4 '무너진':1 '솔루션':8 '요가':9 '체형':2,6"
3,,,taling,45170c7c0e00909f,성형 없이 얼굴 골격 재창조!<br><셀프 경락 + 페이스 요가>,yoga,,,,,,,,"{""city"": ""서울"", ""type"": ""private"", ""instructor"": null, ""platform_url"": ""https://www.taling.me""}",2026-05-21T23:48:44.257870+00:00,'yoga':10 '경락':7 '골격':4 '성형':1 '셀프':6 '얼굴':3 '없이':2 '요가':9 '재창조':5 '페이스':8
4,,,taling,fed65f2d87c33626,아메리카요가 목동점,yoga,,,,,,,,"{""city"": ""서울"", ""type"": ""private"", ""instructor"": null, ""platform_url"": ""https://www.taling.me""}",2026-07-10T07:46:43.598158+00:00,'yoga':3 '목동점':2 '아메리카요가':1
5,,,taling,cba3fd6908ccf024,아메리카요가 건대점,yoga,,,,,,,,"{""city"": ""서울"", ""type"": ""private"", ""instructor"": null, ""platform_url"": ""https://www.taling.me""}",2026-07-10T07:46:43.598150+00:00,'yoga':3 '건대점':2 '아메리카요가':1
6,,,taling,d3be82b86d643a9f,아메리카요가 발산점,yoga,,,,,,,,"{""city"": ""서울"", ""type"": ""private"", ""instructor"": null, ""platform_url"": ""https://www.taling.me""}",2026-07-10T07:46:43.598138+00:00,'yoga':3 '발산점':2 '아메리카요가':1
7,,,taling,102d4e6181600a2c,아메리카요가 청량리점,yoga,,,,,,,,"{""city"": ""서울"", ""type"": ""private"", ""instructor"": null, ""platform_url"": ""https://www.taling.me""}",2026-07-10T07:46:43.598166+00:00,'yoga':3 '아메리카요가':1 '청량리점':2
8,,,taling,0ef797ea15167b44,아메리카요가 여의도점,yoga,,,,,,,,"{""city"": ""서울"", ""type"": ""private"", ""instructor"": null, ""platform_url"": ""https://www.taling.me""}",2026-07-10T07:46:43.598178+00:00,'yoga':3 '아메리카요가':1 '여의도점':2
17,,,taling,c9ac0d2ef42726fc,마음챙김 명상요가 - 마음 가는 대로 요가,yin,,,,,,,,"{""city"": ""부산"", ""type"": ""private"", ""instructor"": null, ""platform_url"": ""https://www.taling.me""}",2026-07-12T07:48:22.841312+00:00,'yin':7 '가는':4 '대로':5 '마음':3 '마음챙김':1 '명상요가':2 '요가':6
18,,,taling,0bcdd596919ac5e5,무너진 체형 8주 만에 리셋! <체형 교정 솔루션 요가>,yoga,,,,,,,,"{""city"": ""부산"", ""type"": ""private"", ""instructor"": null, ""platform_url"": ""https://www.taling.me""}",2026-07-12T07:48:22.853223+00:00,"'8주':3 'yoga':10 '교정':7 '리셋':5 '만에':4 '무너진':1 '솔루션':8 '요가':9 '체형':2,6"
19,,,taling,ce162af25947d090,성형 없이 얼굴 골격 재창조!<br><셀프 경락 + 페이스 요가>,yoga,,,,,,,,"{""city"": ""부산"", ""type"": ""private"", ""instructor"": null, ""platform_url"": ""https://www.taling.me""}",2026-05-21T23:49:12.861188+00:00,'yoga':10 '경락':7 '골격':4 '성형':1 '셀프':6 '얼굴':3 '없이':2 '요가':9 '재창조':5 '페이스':8
20,,,taling,f604c37e0b96cea9,아메리카요가 발산점,yoga,,,,,,,,"{""city"": ""부산"", ""type"": ""private"", ""instructor"": null, ""platform_url"": ""https://www.taling.me""}",2026-07-12T07:48:22.853300+00:00,'yoga':3 '발산점':2 '아메리카요가':1
21,,,taling,cffedd43efd76aea,아메리카요가 건대점,yoga,,,,,,,,"{""city"": ""부산"", ""type"": ""private"", ""instructor"": null, ""platform_url"": ""https://www.taling.me""}",2026-07-12T07:48:22.853317+00:00,'yoga':3 '건대점':2 '아메리카요가':1
22,,,taling,96b6fa409748b644,아메리카요가 목동점,yoga,,,,,,,,"{""city"": ""부산"", ""type"": ""private"", ""instructor"": null, ""platform_url"": ""https://www.taling.me""}",2026-07-12T07:48:22.853309+00:00,'yoga':3 '목동점':2 '아메리카요가':1
23,,,taling,7e4727f0c231e5e7,아메리카요가 청량리점,yoga,,,,,,,,"{""city"": ""부산"", ""type"": ""private"", ""instructor"": null, ""platform_url"": ""https://www.taling.me""}",2026-07-12T07:48:22.853325+00:00,'yoga':3 '아메리카요가':1 '청량리점':2
24,,,taling,221123ec7d317cdf,아메리카요가 여의도점,yoga,,,,,,,,"{""city"": ""부산"", ""type"": ""private"", ""instructor"": null, ""platform_url"": ""https://www.taling.me""}",2026-07-12T07:48:22.853332+00:00,'yoga':3 '아메리카요가':1 '여의도점':2
25,,,taling,35dc8876af4ccc7c,하트풀니스 요가와 자애 명상,meditation,,,,,,,,"{""city"": ""부산"", ""type"": ""private"", ""instructor"": null, ""platform_url"": ""https://www.taling.me""}",2026-07-12T07:48:22.853424+00:00,'meditation':5 '명상':4 '요가와':2 '자애':3 '하트풀니스':1
26,,,taling,09e525c2ac7a2967,올바른 휴식을 도와주는  회복 요가,yoga,,,,,,,,"{""city"": ""부산"", ""type"": ""private"", ""instructor"": null, ""platform_url"": ""https://www.taling.me""}",2026-07-12T07:48:22.853509+00:00,'yoga':6 '도와주는':3 '올바른':1 '요가':5 '회복':4 '휴식을':2
27,,,taling,097edbab355e66d1,요가강사로서의 성공전략,yoga,,,,,,,,"{""city"": ""부산"", ""type"": ""private"", ""instructor"": null, ""platform_url"": ""https://www.taling.me""}",2026-07-12T07:48:22.853563+00:00,'yoga':3 '성공전략':2 '요가강사로서의':1
28,,,taling,7d627c64cd0f0cef,봄의 생기를 불어넣는 <br>전신 요가 (아쉬탕가) ,ashtanga,,,,,,,,"{""city"": ""부산"", ""type"": ""private"", ""instructor"": null, ""platform_url"": ""https://www.taling.me""}",2026-07-12T07:48:22.853612+00:00,'ashtanga':7 '봄의':1 '불어넣는':3 '생기를':2 '아쉬탕가':6 '요가':5 '전신':4
29,,,taling,6f53def2fe24919d,"아쉬탕가, 싱잉볼 명상, 요가<br>내 삶을 채우는 웰니스 패키지",ashtanga,,,,,,,,"{""city"": ""부산"", ""type"": ""private"", ""instructor"": null, ""platform_url"": ""https://www.taling.me""}",2026-07-12T07:48:22.853665+00:00,'ashtanga':10 '내':5 '명상':3 '삶을':6 '싱잉볼':2 '아쉬탕가':1 '요가':4 '웰니스':8 '채우는':7 '패키지':9
30,,,taling,20c1425d1741f8bc,"주말 요가, 디퓨져 원데이 클래스",yoga,,,,,,,,"{""city"": ""부산"", ""type"": ""private"", ""instructor"": null, ""platform_url"": ""https://www.taling.me""}",2026-07-12T07:48:22.853714+00:00,'yoga':6 '디퓨져':3 '요가':2 '원데이':4 '주말':1 '클래스':5
31,,,taling,ea8c679965d73da1,마음챙김 명상요가 - 마음 가는 대로 요가,yin,,,,,,,,"{""city"": ""대구"", ""type"": ""private"", ""instructor"": null, ""platform_url"": ""https://www.taling.me""}",2026-07-11T07:48:09.757757+00:00,'yin':7 '가는':4 '대로':5 '마음':3 '마음챙김':1 '명상요가':2 '요가':6
32,,,taling,1b7f2c706440aef4,무너진 체형 8주 만에 리셋! <체형 교정 솔루션 요가>,yoga,,,,,,,,"{""city"": ""대구"", ""type"": ""private"", ""instructor"": null, ""platform_url"": ""https://www.taling.me""}",2026-07-11T07:48:09.764697+00:00,"'8주':3 'yoga':10 '교정':7 '리셋':5 '만에':4 '무너진':1 '솔루션':8 '요가':9 '체형':2,6"
33,,,taling,2a0fcfb7eda574c1,성형 없이 얼굴 골격 재창조!<br><셀프 경락 + 페이스 요가>,yoga,,,,,,,,"{""city"": ""대구"", ""type"": ""private"", ""instructor"": null, ""platform_url"": ""https://www.taling.me""}",2026-05-21T23:49:43.058449+00:00,'yoga':10 '경락':7 '골격':4 '성형':1 '셀프':6 '얼굴':3 '없이':2 '요가':9 '재창조':5 '페이스':8
34,,,taling,dedd8db06cbb396e,아메리카요가 발산점,yoga,,,,,,,,"{""city"": ""대구"", ""type"": ""private"", ""instructor"": null, ""platform_url"": ""https://www.taling.me""}",2026-07-11T07:48:09.764722+00:00,'yoga':3 '발산점':2 '아메리카요가':1
35,,,taling,6ea5e3e3e4caf350,아메리카요가 건대점,yoga,,,,,,,,"{""city"": ""대구"", ""type"": ""private"", ""instructor"": null, ""platform_url"": ""https://www.taling.me""}",2026-07-11T07:48:09.764766+00:00,'yoga':3 '건대점':2 '아메리카요가':1
36,,,taling,008b5bb19f85bc0e,아메리카요가 목동점,yoga,,,,,,,,"{""city"": ""대구"", ""type"": ""private"", ""instructor"": null, ""platform_url"": ""https://www.taling.me""}",2026-07-11T07:48:09.764756+00:00,'yoga':3 '목동점':2 '아메리카요가':1
37,,,taling,f9444be687e3646a,아메리카요가 청량리점,yoga,,,,,,,,"{""city"": ""대구"", ""type"": ""private"", ""instructor"": null, ""platform_url"": ""https://www.taling.me""}",2026-07-11T07:48:09.764775+00:00,'yoga':3 '아메리카요가':1 '청량리점':2
38,,,taling,813e76d8561f8087,아메리카요가 여의도점,yoga,,,,,,,,"{""city"": ""대구"", ""type"": ""private"", ""instructor"": null, ""platform_url"": ""https://www.taling.me""}",2026-07-11T07:48:09.764782+00:00,'yoga':3 '아메리카요가':1 '여의도점':2
39,,,taling,4cd5a333f189aa9b,하트풀니스 요가와 자애 명상,meditation,,,,,,,,"{""city"": ""대구"", ""type"": ""private"", ""instructor"": null, ""platform_url"": ""https://www.taling.me""}",2026-07-11T07:48:09.764842+00:00,'meditation':5 '명상':4 '요가와':2 '자애':3 '하트풀니스':1
40,,,taling,0f86ba6dc97411f6,올바른 휴식을 도와주는  회복 요가,yoga,,,,,,,,"{""city"": ""대구"", ""type"": ""private"", ""instructor"": null, ""platform_url"": ""https://www.taling.me""}",2026-07-11T07:48:09.764894+00:00,'yoga':6 '도와주는':3 '올바른':1 '요가':5 '회복':4 '휴식을':2
41,,,taling,12b810f1b1219082,요가강사로서의 성공전략,yoga,,,,,,,,"{""city"": ""대구"", ""type"": ""private"", ""instructor"": null, ""platform_url"": ""https://www.taling.me""}",2026-07-11T07:48:09.764958+00:00,'yoga':3 '성공전략':2 '요가강사로서의':1
42,,,taling,e213a821207f50a8,봄의 생기를 불어넣는 <br>전신 요가 (아쉬탕가) ,ashtanga,,,,,,,,"{""city"": ""대구"", ""type"": ""private"", ""instructor"": null, ""platform_url"": ""https://www.taling.me""}",2026-07-11T07:48:09.765009+00:00,'ashtanga':7 '봄의':1 '불어넣는':3 '생기를':2 '아쉬탕가':6 '요가':5 '전신':4
43,,,taling,5808a84335115781,"아쉬탕가, 싱잉볼 명상, 요가<br>내 삶을 채우는 웰니스 패키지",ashtanga,,,,,,,,"{""city"": ""대구"", ""type"": ""private"", ""instructor"": null, ""platform_url"": ""https://www.taling.me""}",2026-07-11T07:48:09.766019+00:00,'ashtanga':10 '내':5 '명상':3 '삶을':6 '싱잉볼':2 '아쉬탕가':1 '요가':4 '웰니스':8 '채우는':7 '패키지':9
44,,,taling,e07da50faa03cda6,"주말 요가, 디퓨져 원데이 클래스",yoga,,,,,,,,"{""city"": ""대구"", ""type"": ""private"", ""instructor"": null, ""platform_url"": ""https://www.taling.me""}",2026-07-11T07:48:09.766106+00:00,'yoga':6 '디퓨져':3 '요가':2 '원데이':4 '주말':1 '클래스':5
45,,,taling,06ee6aee98935e2c,마음챙김 명상요가 - 마음 가는 대로 요가,yin,,,,,,,,"{""city"": ""인천"", ""type"": ""private"", ""instructor"": null, ""platform_url"": ""https://www.taling.me""}",2026-07-11T07:48:56.018561+00:00,'yin':7 '가는':4 '대로':5 '마음':3 '마음챙김':1 '명상요가':2 '요가':6
46,,,taling,1d1a3a1d6555a3e9,무너진 체형 8주 만에 리셋! <체형 교정 솔루션 요가>,yoga,,,,,,,,"{""city"": ""인천"", ""type"": ""private"", ""instructor"": null, ""platform_url"": ""https://www.taling.me""}",2026-07-11T07:48:56.021235+00:00,"'8주':3 'yoga':10 '교정':7 '리셋':5 '만에':4 '무너진':1 '솔루션':8 '요가':9 '체형':2,6"
47,,,taling,522c41d7ea65159a,성형 없이 얼굴 골격 재창조!<br><셀프 경락 + 페이스 요가>,yoga,,,,,,,,"{""city"": ""인천"", ""type"": ""private"", ""instructor"": null, ""platform_url"": ""https://www.taling.me""}",2026-05-21T23:50:10.403133+00:00,'yoga':10 '경락':7 '골격':4 '성형':1 '셀프':6 '얼굴':3 '없이':2 '요가':9 '재창조':5 '페이스':8
48,,,taling,1923d067dfbabe3f,아메리카요가 발산점,yoga,,,,,,,,"{""city"": ""인천"", ""type"": ""private"", ""instructor"": null, ""platform_url"": ""https://www.taling.me""}",2026-07-11T07:48:56.021266+00:00,'yoga':3 '발산점':2 '아메리카요가':1
49,,,taling,5480d48ccf41e74e,아메리카요가 건대점,yoga,,,,,,,,"{""city"": ""인천"", ""type"": ""private"", ""instructor"": null, ""platform_url"": ""https://www.taling.me""}",2026-07-11T07:48:56.021307+00:00,'yoga':3 '건대점':2 '아메리카요가':1
50,,,taling,bb8ec0e17bcee626,아메리카요가 목동점,yoga,,,,,,,,"{""city"": ""인천"", ""type"": ""private"", ""instructor"": null, ""platform_url"": ""https://www.taling.me""}",2026-07-11T07:48:56.021283+00:00,'yoga':3 '목동점':2 '아메리카요가':1
51,,,taling,abd506224fd73614,아메리카요가 청량리점,yoga,,,,,,,,"{""city"": ""인천"", ""type"": ""private"", ""instructor"": null, ""platform_url"": ""https://www.taling.me""}",2026-07-11T07:48:56.021322+00:00,'yoga':3 '아메리카요가':1 '청량리점':2
52,,,taling,1ab0d51261f970ee,아메리카요가 여의도점,yoga,,,,,,,,"{""city"": ""인천"", ""type"": ""private"", ""instructor"": null, ""platform_url"": ""https://www.taling.me""}",2026-07-11T07:48:56.021337+00:00,'yoga':3 '아메리카요가':1 '여의도점':2
53,,,taling,f0962676737f9f41,하트풀니스 요가와 자애 명상,meditation,,,,,,,,"{""city"": ""인천"", ""type"": ""private"", ""instructor"": null, ""platform_url"": ""https://www.taling.me""}",2026-07-11T07:48:56.021441+00:00,'meditation':5 '명상':4 '요가와':2 '자애':3 '하트풀니스':1
54,,,taling,3bde15f42daf553b,올바른 휴식을 도와주는  회복 요가,yoga,,,,,,,,"{""city"": ""인천"", ""type"": ""private"", ""instructor"": null, ""platform_url"": ""https://www.taling.me""}",2026-07-11T07:48:56.021541+00:00,'yoga':6 '도와주는':3 '올바른':1 '요가':5 '회복':4 '휴식을':2
55,,,taling,e88cff7cb5718e5d,요가강사로서의 성공전략,yoga,,,,,,,,"{""city"": ""인천"", ""type"": ""private"", ""instructor"": null, ""platform_url"": ""https://www.taling.me""}",2026-07-11T07:48:56.021646+00:00,'yoga':3 '성공전략':2 '요가강사로서의':1
56,,,taling,ee0400d14f74eb87,봄의 생기를 불어넣는 <br>전신 요가 (아쉬탕가) ,ashtanga,,,,,,,,"{""city"": ""인천"", ""type"": ""private"", ""instructor"": null, ""platform_url"": ""https://www.taling.me""}",2026-07-11T07:48:56.021758+00:00,'ashtanga':7 '봄의':1 '불어넣는':3 '생기를':2 '아쉬탕가':6 '요가':5 '전신':4
57,,,taling,e33b2ce6b0c0557a,"아쉬탕가, 싱잉볼 명상, 요가<br>내 삶을 채우는 웰니스 패키지",ashtanga,,,,,,,,"{""city"": ""인천"", ""type"": ""private"", ""instructor"": null, ""platform_url"": ""https://www.taling.me""}",2026-07-11T07:48:56.021857+00:00,'ashtanga':10 '내':5 '명상':3 '삶을':6 '싱잉볼':2 '아쉬탕가':1 '요가':4 '웰니스':8 '채우는':7 '패키지':9
58,,,taling,c4eddd970c83fa60,"주말 요가, 디퓨져 원데이 클래스",yoga,,,,,,,,"{""city"": ""인천"", ""type"": ""private"", ""instructor"": null, ""platform_url"": ""https://www.taling.me""}",2026-07-11T07:48:56.021957+00:00,'yoga':6 '디퓨져':3 '요가':2 '원데이':4 '주말':1 '클래스':5
59,,,taling,3b915b0e9709cb3e,마음챙김 명상요가 - 마음 가는 대로 요가,yin,,,,,,,,"{""city"": ""광주"", ""type"": ""private"", ""instructor"": null, ""platform_url"": ""https://www.taling.me""}",2026-07-11T07:49:40.731425+00:00,'yin':7 '가는':4 '대로':5 '마음':3 '마음챙김':1 '명상요가':2 '요가':6
60,,,taling,bb0215387db4a1cd,무너진 체형 8주 만에 리셋! <체형 교정 솔루션 요가>,yoga,,,,,,,,"{""city"": ""광주"", ""type"": ""private"", ""instructor"": null, ""platform_url"": ""https://www.taling.me""}",2026-07-11T07:49:40.737677+00:00,"'8주':3 'yoga':10 '교정':7 '리셋':5 '만에':4 '무너진':1 '솔루션':8 '요가':9 '체형':2,6"
61,,,taling,8f53ffc8867a406b,성형 없이 얼굴 골격 재창조!<br><셀프 경락 + 페이스 요가>,yoga,,,,,,,,"{""city"": ""광주"", ""type"": ""private"", ""instructor"": null, ""platform_url"": ""https://www.taling.me""}",2026-05-21T23:50:39.835942+00:00,'yoga':10 '경락':7 '골격':4 '성형':1 '셀프':6 '얼굴':3 '없이':2 '요가':9 '재창조':5 '페이스':8
62,,,taling,570b6fc028d42064,아메리카요가 발산점,yoga,,,,,,,,"{""city"": ""광주"", ""type"": ""private"", ""instructor"": null, ""platform_url"": ""https://www.taling.me""}",2026-07-11T07:49:40.737698+00:00,'yoga':3 '발산점':2 '아메리카요가':1
63,,,taling,fe1c3668c2fe6715,아메리카요가 건대점,yoga,,,,,,,,"{""city"": ""광주"", ""type"": ""private"", ""instructor"": null, ""platform_url"": ""https://www.taling.me""}",2026-07-11T07:49:40.737738+00:00,'yoga':3 '건대점':2 '아메리카요가':1
64,,,taling,31ebbd161eaa1242,아메리카요가 목동점,yoga,,,,,,,,"{""city"": ""광주"", ""type"": ""private"", ""instructor"": null, ""platform_url"": ""https://www.taling.me""}",2026-07-11T07:49:40.737712+00:00,'yoga':3 '목동점':2 '아메리카요가':1
65,,,taling,0ec661002eea419a,아메리카요가 청량리점,yoga,,,,,,,,"{""city"": ""광주"", ""type"": ""private"", ""instructor"": null, ""platform_url"": ""https://www.taling.me""}",2026-07-11T07:49:40.737752+00:00,'yoga':3 '아메리카요가':1 '청량리점':2
66,,,taling,6ddff3aef846b002,아메리카요가 여의도점,yoga,,,,,,,,"{""city"": ""광주"", ""type"": ""private"", ""instructor"": null, ""platform_url"": ""https://www.taling.me""}",2026-07-11T07:49:40.737764+00:00,'yoga':3 '아메리카요가':1 '여의도점':2
67,,,taling,a456fb7cdfd8a201,하트풀니스 요가와 자애 명상,meditation,,,,,,,,"{""city"": ""광주"", ""type"": ""private"", ""instructor"": null, ""platform_url"": ""https://www.taling.me""}",2026-07-11T07:49:40.737854+00:00,'meditation':5 '명상':4 '요가와':2 '자애':3 '하트풀니스':1
68,,,taling,5d3e09641ea59b8a,올바른 휴식을 도와주는  회복 요가,yoga,,,,,,,,"{""city"": ""광주"", ""type"": ""private"", ""instructor"": null, ""platform_url"": ""https://www.taling.me""}",2026-07-11T07:49:40.737942+00:00,'yoga':6 '도와주는':3 '올바른':1 '요가':5 '회복':4 '휴식을':2
69,,,taling,e93213b37aa35947,요가강사로서의 성공전략,yoga,,,,,,,,"{""city"": ""광주"", ""type"": ""private"", ""instructor"": null, ""platform_url"": ""https://www.taling.me""}",2026-07-11T07:49:40.738032+00:00,'yoga':3 '성공전략':2 '요가강사로서의':1
70,,,taling,8b172a866f7b7e30,봄의 생기를 불어넣는 <br>전신 요가 (아쉬탕가) ,ashtanga,,,,,,,,"{""city"": ""광주"", ""type"": ""private"", ""instructor"": null, ""platform_url"": ""https://www.taling.me""}",2026-07-11T07:49:40.738121+00:00,'ashtanga':7 '봄의':1 '불어넣는':3 '생기를':2 '아쉬탕가':6 '요가':5 '전신':4
71,,,taling,2d6641b19db86500,"아쉬탕가, 싱잉볼 명상, 요가<br>내 삶을 채우는 웰니스 패키지",ashtanga,,,,,,,,"{""city"": ""광주"", ""type"": ""private"", ""instructor"": null, ""platform_url"": ""https://www.taling.me""}",2026-07-11T07:49:40.738205+00:00,'ashtanga':10 '내':5 '명상':3 '삶을':6 '싱잉볼':2 '아쉬탕가':1 '요가':4 '웰니스':8 '채우는':7 '패키지':9
72,,,taling,1b71b2c34936600f,"주말 요가, 디퓨져 원데이 클래스",yoga,,,,,,,,"{""city"": ""광주"", ""type"": ""private"", ""instructor"": null, ""platform_url"": ""https://www.taling.me""}",2026-07-11T07:49:40.738277+00:00,'yoga':6 '디퓨져':3 '요가':2 '원데이':4 '주말':1 '클래스':5
73,,,taling,acaefe4d1651b6ec,마음챙김 명상요가 - 마음 가는 대로 요가,yin,,,,,,,,"{""city"": ""대전"", ""type"": ""private"", ""instructor"": null, ""platform_url"": ""https://www.taling.me""}",2026-07-11T07:50:22.022926+00:00,'yin':7 '가는':4 '대로':5 '마음':3 '마음챙김':1 '명상요가':2 '요가':6
74,,,taling,3353101f7c3429cb,무너진 체형 8주 만에 리셋! <체형 교정 솔루션 요가>,yoga,,,,,,,,"{""city"": ""대전"", ""type"": ""private"", ""instructor"": null, ""platform_url"": ""https://www.taling.me""}",2026-07-11T07:50:22.031231+00:00,"'8주':3 'yoga':10 '교정':7 '리셋':5 '만에':4 '무너진':1 '솔루션':8 '요가':9 '체형':2,6"
75,,,taling,4099a389026fba80,성형 없이 얼굴 골격 재창조!<br><셀프 경락 + 페이스 요가>,yoga,,,,,,,,"{""city"": ""대전"", ""type"": ""private"", ""instructor"": null, ""platform_url"": ""https://www.taling.me""}",2026-05-21T23:51:07.666214+00:00,'yoga':10 '경락':7 '골격':4 '성형':1 '셀프':6 '얼굴':3 '없이':2 '요가':9 '재창조':5 '페이스':8
76,,,taling,8caf0cb9ad66ac0e,아메리카요가 발산점,yoga,,,,,,,,"{""city"": ""대전"", ""type"": ""private"", ""instructor"": null, ""platform_url"": ""https://www.taling.me""}",2026-07-11T07:50:22.031243+00:00,'yoga':3 '발산점':2 '아메리카요가':1
77,,,taling,7b4e5e0a98b5bf8e,아메리카요가 건대점,yoga,,,,,,,,"{""city"": ""대전"", ""type"": ""private"", ""instructor"": null, ""platform_url"": ""https://www.taling.me""}",2026-07-11T07:50:22.031260+00:00,'yoga':3 '건대점':2 '아메리카요가':1
78,,,taling,fcb950ecc093f948,아메리카요가 목동점,yoga,,,,,,,,"{""city"": ""대전"", ""type"": ""private"", ""instructor"": null, ""platform_url"": ""https://www.taling.me""}",2026-07-11T07:50:22.031252+00:00,'yoga':3 '목동점':2 '아메리카요가':1
79,,,taling,a21c357b4b565ada,아메리카요가 청량리점,yoga,,,,,,,,"{""city"": ""대전"", ""type"": ""private"", ""instructor"": null, ""platform_url"": ""https://www.taling.me""}",2026-07-11T07:50:22.031268+00:00,'yoga':3 '아메리카요가':1 '청량리점':2
80,,,taling,ddaf674972afee1b,아메리카요가 여의도점,yoga,,,,,,,,"{""city"": ""대전"", ""type"": ""private"", ""instructor"": null, ""platform_url"": ""https://www.taling.me""}",2026-07-11T07:50:22.031276+00:00,'yoga':3 '아메리카요가':1 '여의도점':2
81,,,taling,7756c2131d44f579,하트풀니스 요가와 자애 명상,meditation,,,,,,,,"{""city"": ""대전"", ""type"": ""private"", ""instructor"": null, ""platform_url"": ""https://www.taling.me""}",2026-07-11T07:50:22.031333+00:00,'meditation':5 '명상':4 '요가와':2 '자애':3 '하트풀니스':1
82,,,taling,14f87cdee251143f,올바른 휴식을 도와주는  회복 요가,yoga,,,,,,,,"{""city"": ""대전"", ""type"": ""private"", ""instructor"": null, ""platform_url"": ""https://www.taling.me""}",2026-07-11T07:50:22.031383+00:00,'yoga':6 '도와주는':3 '올바른':1 '요가':5 '회복':4 '휴식을':2
83,,,taling,bb23fbee24a48873,요가강사로서의 성공전략,yoga,,,,,,,,"{""city"": ""대전"", ""type"": ""private"", ""instructor"": null, ""platform_url"": ""https://www.taling.me""}",2026-07-11T07:50:22.031433+00:00,'yoga':3 '성공전략':2 '요가강사로서의':1
84,,,taling,0cabcfce2860e502,봄의 생기를 불어넣는 <br>전신 요가 (아쉬탕가) ,ashtanga,,,,,,,,"{""city"": ""대전"", ""type"": ""private"", ""instructor"": null, ""platform_url"": ""https://www.taling.me""}",2026-07-11T07:50:22.031481+00:00,'ashtanga':7 '봄의':1 '불어넣는':3 '생기를':2 '아쉬탕가':6 '요가':5 '전신':4
85,,,taling,c1c6ce46354a1702,"아쉬탕가, 싱잉볼 명상, 요가<br>내 삶을 채우는 웰니스 패키지",ashtanga,,,,,,,,"{""city"": ""대전"", ""type"": ""private"", ""instructor"": null, ""platform_url"": ""https://www.taling.me""}",2026-07-11T07:50:22.031529+00:00,'ashtanga':10 '내':5 '명상':3 '삶을':6 '싱잉볼':2 '아쉬탕가':1 '요가':4 '웰니스':8 '채우는':7 '패키지':9
86,,,taling,2003930332607955,"주말 요가, 디퓨져 원데이 클래스",yoga,,,,,,,,"{""city"": ""대전"", ""type"": ""private"", ""instructor"": null, ""platform_url"": ""https://www.taling.me""}",2026-07-11T07:50:22.031577+00:00,'yoga':6 '디퓨져':3 '요가':2 '원데이':4 '주말':1 '클래스':5
89,,,taling,c77b5408cbc43957,"성형 없이 얼굴 골격 재창조!
<셀프 경락 + 페이스 요가>",yoga,,,,,,,,"{""city"": ""부산"", ""type"": ""private"", ""instructor"": null, ""platform_url"": ""https://www.taling.me""}",2026-07-12T07:48:22.853272+00:00,'yoga':10 '경락':7 '골격':4 '성형':1 '셀프':6 '얼굴':3 '없이':2 '요가':9 '재창조':5 '페이스':8
102,,,taling,9034a8ee82138e15,"성형 없이 얼굴 골격 재창조!
<셀프 경락 + 페이스 요가>",yoga,,,,,,,,"{""city"": ""대구"", ""type"": ""private"", ""instructor"": null, ""platform_url"": ""https://www.taling.me""}",2026-07-11T07:48:09.764597+00:00,'yoga':10 '경락':7 '골격':4 '성형':1 '셀프':6 '얼굴':3 '없이':2 '요가':9 '재창조':5 '페이스':8
116,,,taling,d1dad72ded7e6fee,"성형 없이 얼굴 골격 재창조!
<셀프 경락 + 페이스 요가>",yoga,,,,,,,,"{""city"": ""인천"", ""type"": ""private"", ""instructor"": null, ""platform_url"": ""https://www.taling.me""}",2026-07-11T07:48:56.021153+00:00,'yoga':10 '경락':7 '골격':4 '성형':1 '셀프':6 '얼굴':3 '없이':2 '요가':9 '재창조':5 '페이스':8
130,,,taling,2e551456ac5ec08e,"성형 없이 얼굴 골격 재창조!
<셀프 경락 + 페이스 요가>",yoga,,,,,,,,"{""city"": ""광주"", ""type"": ""private"", ""instructor"": null, ""platform_url"": ""https://www.taling.me""}",2026-07-11T07:49:40.737584+00:00,'yoga':10 '경락':7 '골격':4 '성형':1 '셀프':6 '얼굴':3 '없이':2 '요가':9 '재창조':5 '페이스':8
144,,,taling,16eea5fe7eab532b,"성형 없이 얼굴 골격 재창조!
<셀프 경락 + 페이스 요가>",yoga,,,,,,,,"{""city"": ""대전"", ""type"": ""private"", ""instructor"": null, ""platform_url"": ""https://www.taling.me""}",2026-07-11T07:50:22.031163+00:00,'yoga':10 '경락':7 '골격':4 '성형':1 '셀프':6 '얼굴':3 '없이':2 '요가':9 '재창조':5 '페이스':8
157,,,taling,0f10bc6ab7a3ce2f,마음챙김 명상요가 - 마음 가는 대로 요가,yin,,,,,,,,"{""city"": ""울산"", ""type"": ""private"", ""instructor"": null, ""platform_url"": ""https://www.taling.me""}",2026-07-08T07:52:23.329694+00:00,'yin':7 '가는':4 '대로':5 '마음':3 '마음챙김':1 '명상요가':2 '요가':6
158,,,taling,7f4d6dcfef61116b,"성형 없이 얼굴 골격 재창조!
<셀프 경락 + 페이스 요가>",yoga,,,,,,,,"{""city"": ""울산"", ""type"": ""private"", ""instructor"": null, ""platform_url"": ""https://www.taling.me""}",2026-07-08T07:52:23.336199+00:00,'yoga':10 '경락':7 '골격':4 '성형':1 '셀프':6 '얼굴':3 '없이':2 '요가':9 '재창조':5 '페이스':8
159,,,taling,9357e51b89277c9e,무너진 체형 8주 만에 리셋! <체형 교정 솔루션 요가>,yoga,,,,,,,,"{""city"": ""울산"", ""type"": ""private"", ""instructor"": null, ""platform_url"": ""https://www.taling.me""}",2026-07-08T07:52:23.336273+00:00,"'8주':3 'yoga':10 '교정':7 '리셋':5 '만에':4 '무너진':1 '솔루션':8 '요가':9 '체형':2,6"
160,,,taling,35aa19958972cf89,아메리카요가 발산점,yoga,,,,,,,,"{""city"": ""울산"", ""type"": ""private"", ""instructor"": null, ""platform_url"": ""https://www.taling.me""}",2026-07-08T07:52:23.336296+00:00,'yoga':3 '발산점':2 '아메리카요가':1
161,,,taling,f339c0400fcba18b,아메리카요가 건대점,yoga,,,,,,,,"{""city"": ""울산"", ""type"": ""private"", ""instructor"": null, ""platform_url"": ""https://www.taling.me""}",2026-07-08T07:52:23.336308+00:00,'yoga':3 '건대점':2 '아메리카요가':1
162,,,taling,1b83693d8a1243a3,아메리카요가 목동점,yoga,,,,,,,,"{""city"": ""울산"", ""type"": ""private"", ""instructor"": null, ""platform_url"": ""https://www.taling.me""}",2026-07-08T07:52:23.336321+00:00,'yoga':3 '목동점':2 '아메리카요가':1
163,,,taling,4de5013ac5dd191d,아메리카요가 청량리점,yoga,,,,,,,,"{""city"": ""울산"", ""type"": ""private"", ""instructor"": null, ""platform_url"": ""https://www.taling.me""}",2026-07-08T07:52:23.336344+00:00,'yoga':3 '아메리카요가':1 '청량리점':2
164,,,taling,6f262c77b6140cbd,아메리카요가 여의도점,yoga,,,,,,,,"{""city"": ""울산"", ""type"": ""private"", ""instructor"": null, ""platform_url"": ""https://www.taling.me""}",2026-07-08T07:52:23.336333+00:00,'yoga':3 '아메리카요가':1 '여의도점':2
165,,,taling,efd0fd5505a229b2,하트풀니스 요가와 자애 명상,meditation,,,,,,,,"{""city"": ""울산"", ""type"": ""private"", ""instructor"": null, ""platform_url"": ""https://www.taling.me""}",2026-07-08T07:52:23.336449+00:00,'meditation':5 '명상':4 '요가와':2 '자애':3 '하트풀니스':1
166,,,taling,f2c9d7250c26e4a4,올바른 휴식을 도와주는  회복 요가,yoga,,,,,,,,"{""city"": ""울산"", ""type"": ""private"", ""instructor"": null, ""platform_url"": ""https://www.taling.me""}",2026-07-08T07:52:23.336542+00:00,'yoga':6 '도와주는':3 '올바른':1 '요가':5 '회복':4 '휴식을':2
167,,,taling,129a0d55c8a58489,요가강사로서의 성공전략,yoga,,,,,,,,"{""city"": ""울산"", ""type"": ""private"", ""instructor"": null, ""platform_url"": ""https://www.taling.me""}",2026-07-08T07:52:23.336638+00:00,'yoga':3 '성공전략':2 '요가강사로서의':1
168,,,taling,e30f0b92b05523e4,봄의 생기를 불어넣는 <br>전신 요가 (아쉬탕가) ,ashtanga,,,,,,,,"{""city"": ""울산"", ""type"": ""private"", ""instructor"": null, ""platform_url"": ""https://www.taling.me""}",2026-07-08T07:52:23.336725+00:00,'ashtanga':7 '봄의':1 '불어넣는':3 '생기를':2 '아쉬탕가':6 '요가':5 '전신':4
169,,,taling,84b22d6a13d2786c,"아쉬탕가, 싱잉볼 명상, 요가<br>내 삶을 채우는 웰니스 패키지",ashtanga,,,,,,,,"{""city"": ""울산"", ""type"": ""private"", ""instructor"": null, ""platform_url"": ""https://www.taling.me""}",2026-07-08T07:52:23.336809+00:00,'ashtanga':10 '내':5 '명상':3 '삶을':6 '싱잉볼':2 '아쉬탕가':1 '요가':4 '웰니스':8 '채우는':7 '패키지':9
170,,,taling,36f5c0c82d39ca89,"주말 요가, 디퓨져 원데이 클래스",yoga,,,,,,,,"{""city"": ""울산"", ""type"": ""private"", ""instructor"": null, ""platform_url"": ""https://www.taling.me""}",2026-07-08T07:52:23.336898+00:00,'yoga':6 '디퓨져':3 '요가':2 '원데이':4 '주말':1 '클래스':5
171,,,taling,22cafcba028b29a2,마음챙김 명상요가 - 마음 가는 대로 요가,yin,,,,,,,,"{""city"": ""수원"", ""type"": ""private"", ""instructor"": null, ""platform_url"": ""https://www.taling.me""}",2026-07-11T07:52:08.803135+00:00,'yin':7 '가는':4 '대로':5 '마음':3 '마음챙김':1 '명상요가':2 '요가':6
172,,,taling,2ffd4e9eafabdac4,"성형 없이 얼굴 골격 재창조!
<셀프 경락 + 페이스 요가>",yoga,,,,,,,,"{""city"": ""수원"", ""type"": ""private"", ""instructor"": null, ""platform_url"": ""https://www.taling.me""}",2026-07-11T07:52:08.806559+00:00,'yoga':10 '경락':7 '골격':4 '성형':1 '셀프':6 '얼굴':3 '없이':2 '요가':9 '재창조':5 '페이스':8
173,,,taling,4027e33cd7d4c976,무너진 체형 8주 만에 리셋! <체형 교정 솔루션 요가>,yoga,,,,,,,,"{""city"": ""수원"", ""type"": ""private"", ""instructor"": null, ""platform_url"": ""https://www.taling.me""}",2026-07-11T07:52:08.806657+00:00,"'8주':3 'yoga':10 '교정':7 '리셋':5 '만에':4 '무너진':1 '솔루션':8 '요가':9 '체형':2,6"
174,,,taling,4ea2287dbb31879d,아메리카요가 발산점,yoga,,,,,,,,"{""city"": ""수원"", ""type"": ""private"", ""instructor"": null, ""platform_url"": ""https://www.taling.me""}",2026-07-11T07:52:08.806682+00:00,'yoga':3 '발산점':2 '아메리카요가':1
175,,,taling,4f1a4d559b089452,아메리카요가 건대점,yoga,,,,,,,,"{""city"": ""수원"", ""type"": ""private"", ""instructor"": null, ""platform_url"": ""https://www.taling.me""}",2026-07-11T07:52:08.806710+00:00,'yoga':3 '건대점':2 '아메리카요가':1
176,,,taling,f6343dab17c1ad7d,아메리카요가 목동점,yoga,,,,,,,,"{""city"": ""수원"", ""type"": ""private"", ""instructor"": null, ""platform_url"": ""https://www.taling.me""}",2026-07-11T07:52:08.806696+00:00,'yoga':3 '목동점':2 '아메리카요가':1
177,,,taling,9b4f26812e8d9035,아메리카요가 청량리점,yoga,,,,,,,,"{""city"": ""수원"", ""type"": ""private"", ""instructor"": null, ""platform_url"": ""https://www.taling.me""}",2026-07-11T07:52:08.806724+00:00,'yoga':3 '아메리카요가':1 '청량리점':2
178,,,taling,39edd80137d1e4f2,아메리카요가 여의도점,yoga,,,,,,,,"{""city"": ""수원"", ""type"": ""private"", ""instructor"": null, ""platform_url"": ""https://www.taling.me""}",2026-07-11T07:52:08.807711+00:00,'yoga':3 '아메리카요가':1 '여의도점':2
179,,,taling,4eb9e1b96f0fbfe8,하트풀니스 요가와 자애 명상,meditation,,,,,,,,"{""city"": ""수원"", ""type"": ""private"", ""instructor"": null, ""platform_url"": ""https://www.taling.me""}",2026-07-11T07:52:08.807812+00:00,'meditation':5 '명상':4 '요가와':2 '자애':3 '하트풀니스':1
180,,,taling,0b7fa7a0829366f7,올바른 휴식을 도와주는  회복 요가,yoga,,,,,,,,"{""city"": ""수원"", ""type"": ""private"", ""instructor"": null, ""platform_url"": ""https://www.taling.me""}",2026-07-11T07:52:08.807871+00:00,'yoga':6 '도와주는':3 '올바른':1 '요가':5 '회복':4 '휴식을':2
181,,,taling,9f0d7ac24b333166,요가강사로서의 성공전략,yoga,,,,,,,,"{""city"": ""수원"", ""type"": ""private"", ""instructor"": null, ""platform_url"": ""https://www.taling.me""}",2026-07-11T07:52:08.807923+00:00,'yoga':3 '성공전략':2 '요가강사로서의':1
182,,,taling,e6ea669b18f306b2,봄의 생기를 불어넣는 <br>전신 요가 (아쉬탕가) ,ashtanga,,,,,,,,"{""city"": ""수원"", ""type"": ""private"", ""instructor"": null, ""platform_url"": ""https://www.taling.me""}",2026-07-11T07:52:08.808044+00:00,'ashtanga':7 '봄의':1 '불어넣는':3 '생기를':2 '아쉬탕가':6 '요가':5 '전신':4
183,,,taling,237d74913c013209,"아쉬탕가, 싱잉볼 명상, 요가<br>내 삶을 채우는 웰니스 패키지",ashtanga,,,,,,,,"{""city"": ""수원"", ""type"": ""private"", ""instructor"": null, ""platform_url"": ""https://www.taling.me""}",2026-07-11T07:52:08.808123+00:00,'ashtanga':10 '내':5 '명상':3 '삶을':6 '싱잉볼':2 '아쉬탕가':1 '요가':4 '웰니스':8 '채우는':7 '패키지':9
184,,,taling,e772dbd012d5038e,"주말 요가, 디퓨져 원데이 클래스",yoga,,,,,,,,"{""city"": ""수원"", ""type"": ""private"", ""instructor"": null, ""platform_url"": ""https://www.taling.me""}",2026-07-11T07:52:08.808208+00:00,'yoga':6 '디퓨져':3 '요가':2 '원데이':4 '주말':1 '클래스':5
185,,,taling,cc119ea9746f0f9c,마음챙김 명상요가 - 마음 가는 대로 요가,yin,,,,,,,,"{""city"": ""고양"", ""type"": ""private"", ""instructor"": null, ""platform_url"": ""https://www.taling.me""}",2026-07-11T07:52:48.740623+00:00,'yin':7 '가는':4 '대로':5 '마음':3 '마음챙김':1 '명상요가':2 '요가':6
186,,,taling,9aa61374dabfcdce,무너진 체형 8주 만에 리셋! <체형 교정 솔루션 요가>,yoga,,,,,,,,"{""city"": ""고양"", ""type"": ""private"", ""instructor"": null, ""platform_url"": ""https://www.taling.me""}",2026-07-11T07:52:48.742887+00:00,"'8주':3 'yoga':10 '교정':7 '리셋':5 '만에':4 '무너진':1 '솔루션':8 '요가':9 '체형':2,6"
187,,,taling,fb0e6fb5a8b534c3,"성형 없이 얼굴 골격 재창조!
<셀프 경락 + 페이스 요가>",yoga,,,,,,,,"{""city"": ""고양"", ""type"": ""private"", ""instructor"": null, ""platform_url"": ""https://www.taling.me""}",2026-07-11T07:52:48.742975+00:00,'yoga':10 '경락':7 '골격':4 '성형':1 '셀프':6 '얼굴':3 '없이':2 '요가':9 '재창조':5 '페이스':8
188,,,taling,bf57096c0e26a861,아메리카요가 발산점,yoga,,,,,,,,"{""city"": ""고양"", ""type"": ""private"", ""instructor"": null, ""platform_url"": ""https://www.taling.me""}",2026-07-11T07:52:48.743002+00:00,'yoga':3 '발산점':2 '아메리카요가':1
189,,,taling,69a582bc0f93acb7,아메리카요가 건대점,yoga,,,,,,,,"{""city"": ""고양"", ""type"": ""private"", ""instructor"": null, ""platform_url"": ""https://www.taling.me""}",2026-07-11T07:52:48.743029+00:00,'yoga':3 '건대점':2 '아메리카요가':1
190,,,taling,eb708dd8e6599c42,아메리카요가 목동점,yoga,,,,,,,,"{""city"": ""고양"", ""type"": ""private"", ""instructor"": null, ""platform_url"": ""https://www.taling.me""}",2026-07-11T07:52:48.743017+00:00,'yoga':3 '목동점':2 '아메리카요가':1
191,,,taling,4318ee546b75bc6e,아메리카요가 여의도점,yoga,,,,,,,,"{""city"": ""고양"", ""type"": ""private"", ""instructor"": null, ""platform_url"": ""https://www.taling.me""}",2026-07-11T07:52:48.743041+00:00,'yoga':3 '아메리카요가':1 '여의도점':2
192,,,taling,85dc6214e56de501,아메리카요가 청량리점,yoga,,,,,,,,"{""city"": ""고양"", ""type"": ""private"", ""instructor"": null, ""platform_url"": ""https://www.taling.me""}",2026-07-11T07:52:48.743055+00:00,'yoga':3 '아메리카요가':1 '청량리점':2
193,,,taling,1e79e2796f75761d,하트풀니스 요가와 자애 명상,meditation,,,,,,,,"{""city"": ""고양"", ""type"": ""private"", ""instructor"": null, ""platform_url"": ""https://www.taling.me""}",2026-07-11T07:52:48.743126+00:00,'meditation':5 '명상':4 '요가와':2 '자애':3 '하트풀니스':1
194,,,taling,c25c48569baf5b5c,올바른 휴식을 도와주는  회복 요가,yoga,,,,,,,,"{""city"": ""고양"", ""type"": ""private"", ""instructor"": null, ""platform_url"": ""https://www.taling.me""}",2026-07-11T07:52:48.743185+00:00,'yoga':6 '도와주는':3 '올바른':1 '요가':5 '회복':4 '휴식을':2
195,,,taling,ce723c93da043d4d,요가강사로서의 성공전략,yoga,,,,,,,,"{""city"": ""고양"", ""type"": ""private"", ""instructor"": null, ""platform_url"": ""https://www.taling.me""}",2026-07-11T07:52:48.743234+00:00,'yoga':3 '성공전략':2 '요가강사로서의':1
196,,,taling,f0b71bdcd796d665,봄의 생기를 불어넣는 <br>전신 요가 (아쉬탕가) ,ashtanga,,,,,,,,"{""city"": ""고양"", ""type"": ""private"", ""instructor"": null, ""platform_url"": ""https://www.taling.me""}",2026-07-11T07:52:48.743279+00:00,'ashtanga':7 '봄의':1 '불어넣는':3 '생기를':2 '아쉬탕가':6 '요가':5 '전신':4
197,,,taling,d0d5438e3e4d7fbc,"아쉬탕가, 싱잉볼 명상, 요가<br>내 삶을 채우는 웰니스 패키지",ashtanga,,,,,,,,"{""city"": ""고양"", ""type"": ""private"", ""instructor"": null, ""platform_url"": ""https://www.taling.me""}",2026-07-11T07:52:48.743328+00:00,'ashtanga':10 '내':5 '명상':3 '삶을':6 '싱잉볼':2 '아쉬탕가':1 '요가':4 '웰니스':8 '채우는':7 '패키지':9
198,,,taling,2aa449d8c2d15fc5,"주말 요가, 디퓨져 원데이 클래스",yoga,,,,,,,,"{""city"": ""고양"", ""type"": ""private"", ""instructor"": null, ""platform_url"": ""https://www.taling.me""}",2026-07-11T07:52:48.743374+00:00,'yoga':6 '디퓨져':3 '요가':2 '원데이':4 '주말':1 '클래스':5
201,,,taling,2a2fe71821e3ebfc,"성형 없이 얼굴 골격 재창조!
<셀프 경락 + 페이스 요가>",yoga,,,,,,,,"{""city"": ""서울"", ""type"": ""private"", ""instructor"": null, ""platform_url"": ""https://www.taling.me""}",2026-07-10T07:46:43.598081+00:00,'yoga':10 '경락':7 '골격':4 '성형':1 '셀프':6 '얼굴':3 '없이':2 '요가':9 '재창조':5 '페이스':8
411,,,taling,2e9757b5db334f76,"같이 춤 재밌고 쉽게,디테일하게 -개인레슨,그룹레슨-",,,,,,,,,"{""city"": ""서울"", ""type"": ""private"", ""instructor"": null, ""platform_url"": ""https://www.taling.me""}",2026-06-08T07:47:03.953819+00:00,'같이':1 '개인레슨':6 '그룹레슨':7 '디테일하게':5 '쉽게':4 '재밌고':3 '춤':2
412,,,taling,112c07c67d89bf74,"몸치탈출 K-pop - 개인, 그룹, 원데이, 장기레슨",,,,,,,,,"{""city"": ""서울"", ""type"": ""private"", ""instructor"": null, ""platform_url"": ""https://www.taling.me""}",2026-06-08T07:47:03.961267+00:00,'k':3 'k-pop':2 'pop':4 '개인':5 '그룹':6 '몸치탈출':1 '원데이':7 '장기레슨':8
430,,,taling,75d1697f00b1e709,"같이 춤 재밌고 쉽게,디테일하게 -개인레슨,그룹레슨-",,,,,,,,,"{""city"": ""부산"", ""type"": ""private"", ""instructor"": null, ""platform_url"": ""https://www.taling.me""}",2026-06-06T07:48:34.447350+00:00,'같이':1 '개인레슨':6 '그룹레슨':7 '디테일하게':5 '쉽게':4 '재밌고':3 '춤':2
431,,,taling,de5920293a9fb241,"몸치탈출 K-pop - 개인, 그룹, 원데이, 장기레슨",,,,,,,,,"{""city"": ""부산"", ""type"": ""private"", ""instructor"": null, ""platform_url"": ""https://www.taling.me""}",2026-06-06T07:48:34.451284+00:00,'k':3 'k-pop':2 'pop':4 '개인':5 '그룹':6 '몸치탈출':1 '원데이':7 '장기레슨':8
530,,,taling,1fcefe80d5f61f13,마음챙김 명상요가 - 마음 가는 대로 요가,yin,,,,,,,,"{""city"": ""창원"", ""type"": ""private"", ""instructor"": null, ""platform_url"": ""https://www.taling.me""}",2026-07-11T07:53:34.043847+00:00,'yin':7 '가는':4 '대로':5 '마음':3 '마음챙김':1 '명상요가':2 '요가':6
531,,,taling,731fc0a6d7abfc3b,"성형 없이 얼굴 골격 재창조!
<셀프 경락 + 페이스 요가>",yoga,,,,,,,,"{""city"": ""창원"", ""type"": ""private"", ""instructor"": null, ""platform_url"": ""https://www.taling.me""}",2026-07-11T07:53:34.051841+00:00,'yoga':10 '경락':7 '골격':4 '성형':1 '셀프':6 '얼굴':3 '없이':2 '요가':9 '재창조':5 '페이스':8
532,,,taling,d653699ac922745e,무너진 체형 8주 만에 리셋! <체형 교정 솔루션 요가>,yoga,,,,,,,,"{""city"": ""창원"", ""type"": ""private"", ""instructor"": null, ""platform_url"": ""https://www.taling.me""}",2026-07-11T07:53:34.051922+00:00,"'8주':3 'yoga':10 '교정':7 '리셋':5 '만에':4 '무너진':1 '솔루션':8 '요가':9 '체형':2,6"
533,,,taling,b14d81a204a2cb37,아메리카요가 발산점,yoga,,,,,,,,"{""city"": ""창원"", ""type"": ""private"", ""instructor"": null, ""platform_url"": ""https://www.taling.me""}",2026-07-11T07:53:34.051939+00:00,'yoga':3 '발산점':2 '아메리카요가':1
534,,,taling,4d0039a8bebd75d5,아메리카요가 건대점,yoga,,,,,,,,"{""city"": ""창원"", ""type"": ""private"", ""instructor"": null, ""platform_url"": ""https://www.taling.me""}",2026-07-11T07:53:34.052057+00:00,'yoga':3 '건대점':2 '아메리카요가':1
535,,,taling,19daad26f30e36e5,아메리카요가 목동점,yoga,,,,,,,,"{""city"": ""창원"", ""type"": ""private"", ""instructor"": null, ""platform_url"": ""https://www.taling.me""}",2026-07-11T07:53:34.051958+00:00,'yoga':3 '목동점':2 '아메리카요가':1
536,,,taling,da79157bb51a6e61,아메리카요가 청량리점,yoga,,,,,,,,"{""city"": ""창원"", ""type"": ""private"", ""instructor"": null, ""platform_url"": ""https://www.taling.me""}",2026-07-11T07:53:34.052069+00:00,'yoga':3 '아메리카요가':1 '청량리점':2
537,,,taling,a1232682ac6ac2b1,아메리카요가 여의도점,yoga,,,,,,,,"{""city"": ""창원"", ""type"": ""private"", ""instructor"": null, ""platform_url"": ""https://www.taling.me""}",2026-07-11T07:53:34.052080+00:00,'yoga':3 '아메리카요가':1 '여의도점':2
538,,,taling,c8d8c5b525c54fde,하트풀니스 요가와 자애 명상,meditation,,,,,,,,"{""city"": ""창원"", ""type"": ""private"", ""instructor"": null, ""platform_url"": ""https://www.taling.me""}",2026-07-11T07:53:34.052183+00:00,'meditation':5 '명상':4 '요가와':2 '자애':3 '하트풀니스':1
539,,,taling,a8635605d02049b0,요가강사로서의 성공전략,yoga,,,,,,,,"{""city"": ""창원"", ""type"": ""private"", ""instructor"": null, ""platform_url"": ""https://www.taling.me""}",2026-07-11T07:53:34.052367+00:00,'yoga':3 '성공전략':2 '요가강사로서의':1
540,,,taling,5aacb487e33ac3bb,올바른 휴식을 도와주는  회복 요가,yoga,,,,,,,,"{""city"": ""창원"", ""type"": ""private"", ""instructor"": null, ""platform_url"": ""https://www.taling.me""}",2026-07-11T07:53:34.052281+00:00,'yoga':6 '도와주는':3 '올바른':1 '요가':5 '회복':4 '휴식을':2
541,,,taling,3521760f0ed671c7,봄의 생기를 불어넣는 <br>전신 요가 (아쉬탕가) ,ashtanga,,,,,,,,"{""city"": ""창원"", ""type"": ""private"", ""instructor"": null, ""platform_url"": ""https://www.taling.me""}",2026-07-11T07:53:34.052463+00:00,'ashtanga':7 '봄의':1 '불어넣는':3 '생기를':2 '아쉬탕가':6 '요가':5 '전신':4
542,,,taling,75d403ddd118f2c1,"아쉬탕가, 싱잉볼 명상, 요가<br>내 삶을 채우는 웰니스 패키지",ashtanga,,,,,,,,"{""city"": ""창원"", ""type"": ""private"", ""instructor"": null, ""platform_url"": ""https://www.taling.me""}",2026-07-11T07:53:34.052554+00:00,'ashtanga':10 '내':5 '명상':3 '삶을':6 '싱잉볼':2 '아쉬탕가':1 '요가':4 '웰니스':8 '채우는':7 '패키지':9
543,,,taling,d1b81cdb06f088c3,"주말 요가, 디퓨져 원데이 클래스",yoga,,,,,,,,"{""city"": ""창원"", ""type"": ""private"", ""instructor"": null, ""platform_url"": ""https://www.taling.me""}",2026-07-11T07:53:34.052628+00:00,'yoga':6 '디퓨져':3 '요가':2 '원데이':4 '주말':1 '클래스':5
544,,,taling,18a471ee9ec969c4,마음챙김 명상요가 - 마음 가는 대로 요가,yin,,,,,,,,"{""city"": ""성남"", ""type"": ""private"", ""instructor"": null, ""platform_url"": ""https://www.taling.me""}",2026-07-11T07:54:17.922748+00:00,'yin':7 '가는':4 '대로':5 '마음':3 '마음챙김':1 '명상요가':2 '요가':6
545,,,taling,55ed0af04fcfec61,"성형 없이 얼굴 골격 재창조!
<셀프 경락 + 페이스 요가>",yoga,,,,,,,,"{""city"": ""성남"", ""type"": ""private"", ""instructor"": null, ""platform_url"": ""https://www.taling.me""}",2026-07-11T07:54:17.929943+00:00,'yoga':10 '경락':7 '골격':4 '성형':1 '셀프':6 '얼굴':3 '없이':2 '요가':9 '재창조':5 '페이스':8
546,,,taling,733507d702557a32,무너진 체형 8주 만에 리셋! <체형 교정 솔루션 요가>,yoga,,,,,,,,"{""city"": ""성남"", ""type"": ""private"", ""instructor"": null, ""platform_url"": ""https://www.taling.me""}",2026-07-11T07:54:17.930016+00:00,"'8주':3 'yoga':10 '교정':7 '리셋':5 '만에':4 '무너진':1 '솔루션':8 '요가':9 '체형':2,6"
547,,,taling,9fbae675b7331f9c,아메리카요가 발산점,yoga,,,,,,,,"{""city"": ""성남"", ""type"": ""private"", ""instructor"": null, ""platform_url"": ""https://www.taling.me""}",2026-07-11T07:54:17.930033+00:00,'yoga':3 '발산점':2 '아메리카요가':1
548,,,taling,9f569841422cf500,아메리카요가 건대점,yoga,,,,,,,,"{""city"": ""성남"", ""type"": ""private"", ""instructor"": null, ""platform_url"": ""https://www.taling.me""}",2026-07-11T07:54:17.930052+00:00,'yoga':3 '건대점':2 '아메리카요가':1
549,,,taling,32c8288ee52630a6,아메리카요가 목동점,yoga,,,,,,,,"{""city"": ""성남"", ""type"": ""private"", ""instructor"": null, ""platform_url"": ""https://www.taling.me""}",2026-07-11T07:54:17.930044+00:00,'yoga':3 '목동점':2 '아메리카요가':1
550,,,taling,ae85445902aa7252,아메리카요가 청량리점,yoga,,,,,,,,"{""city"": ""성남"", ""type"": ""private"", ""instructor"": null, ""platform_url"": ""https://www.taling.me""}",2026-07-11T07:54:17.930061+00:00,'yoga':3 '아메리카요가':1 '청량리점':2
551,,,taling,e760849ac0aef5c7,아메리카요가 여의도점,yoga,,,,,,,,"{""city"": ""성남"", ""type"": ""private"", ""instructor"": null, ""platform_url"": ""https://www.taling.me""}",2026-07-11T07:54:17.930069+00:00,'yoga':3 '아메리카요가':1 '여의도점':2
552,,,taling,6774665be502434c,하트풀니스 요가와 자애 명상,meditation,,,,,,,,"{""city"": ""성남"", ""type"": ""private"", ""instructor"": null, ""platform_url"": ""https://www.taling.me""}",2026-07-11T07:54:17.930124+00:00,'meditation':5 '명상':4 '요가와':2 '자애':3 '하트풀니스':1
553,,,taling,1fb067dabaafbd4f,요가강사로서의 성공전략,yoga,,,,,,,,"{""city"": ""성남"", ""type"": ""private"", ""instructor"": null, ""platform_url"": ""https://www.taling.me""}",2026-07-11T07:54:17.930276+00:00,'yoga':3 '성공전략':2 '요가강사로서의':1
554,,,taling,e2b998e9731a9cbe,올바른 휴식을 도와주는  회복 요가,yoga,,,,,,,,"{""city"": ""성남"", ""type"": ""private"", ""instructor"": null, ""platform_url"": ""https://www.taling.me""}",2026-07-11T07:54:17.930198+00:00,'yoga':6 '도와주는':3 '올바른':1 '요가':5 '회복':4 '휴식을':2
555,,,taling,3e150c6331b1c976,봄의 생기를 불어넣는 <br>전신 요가 (아쉬탕가) ,ashtanga,,,,,,,,"{""city"": ""성남"", ""type"": ""private"", ""instructor"": null, ""platform_url"": ""https://www.taling.me""}",2026-07-11T07:54:17.930327+00:00,'ashtanga':7 '봄의':1 '불어넣는':3 '생기를':2 '아쉬탕가':6 '요가':5 '전신':4
556,,,taling,92ee6d6191b3003e,"아쉬탕가, 싱잉볼 명상, 요가<br>내 삶을 채우는 웰니스 패키지",ashtanga,,,,,,,,"{""city"": ""성남"", ""type"": ""private"", ""instructor"": null, ""platform_url"": ""https://www.taling.me""}",2026-07-11T07:54:17.930374+00:00,'ashtanga':10 '내':5 '명상':3 '삶을':6 '싱잉볼':2 '아쉬탕가':1 '요가':4 '웰니스':8 '채우는':7 '패키지':9
557,,,taling,b0e5dcd6f8d9cefa,"주말 요가, 디퓨져 원데이 클래스",yoga,,,,,,,,"{""city"": ""성남"", ""type"": ""private"", ""instructor"": null, ""platform_url"": ""https://www.taling.me""}",2026-07-11T07:54:17.930421+00:00,'yoga':6 '디퓨져':3 '요가':2 '원데이':4 '주말':1 '클래스':5
558,,,taling,d5cb91165e0adc16,마음챙김 명상요가 - 마음 가는 대로 요가,yin,,,,,,,,"{""city"": ""청주"", ""type"": ""private"", ""instructor"": null, ""platform_url"": ""https://www.taling.me""}",2026-07-11T07:55:04.876239+00:00,'yin':7 '가는':4 '대로':5 '마음':3 '마음챙김':1 '명상요가':2 '요가':6
559,,,taling,5e8f5a3947e261cc,"성형 없이 얼굴 골격 재창조!
<셀프 경락 + 페이스 요가>",yoga,,,,,,,,"{""city"": ""청주"", ""type"": ""private"", ""instructor"": null, ""platform_url"": ""https://www.taling.me""}",2026-07-11T07:55:04.879417+00:00,'yoga':10 '경락':7 '골격':4 '성형':1 '셀프':6 '얼굴':3 '없이':2 '요가':9 '재창조':5 '페이스':8
560,,,taling,75c2e541ad468cca,무너진 체형 8주 만에 리셋! <체형 교정 솔루션 요가>,yoga,,,,,,,,"{""city"": ""청주"", ""type"": ""private"", ""instructor"": null, ""platform_url"": ""https://www.taling.me""}",2026-07-11T07:55:04.879461+00:00,"'8주':3 'yoga':10 '교정':7 '리셋':5 '만에':4 '무너진':1 '솔루션':8 '요가':9 '체형':2,6"
561,,,taling,ba78513c8a3c9eba,아메리카요가 발산점,yoga,,,,,,,,"{""city"": ""청주"", ""type"": ""private"", ""instructor"": null, ""platform_url"": ""https://www.taling.me""}",2026-07-11T07:55:04.879472+00:00,'yoga':3 '발산점':2 '아메리카요가':1
562,,,taling,0d4b31f905034264,아메리카요가 건대점,yoga,,,,,,,,"{""city"": ""청주"", ""type"": ""private"", ""instructor"": null, ""platform_url"": ""https://www.taling.me""}",2026-07-11T07:55:04.879489+00:00,'yoga':3 '건대점':2 '아메리카요가':1
563,,,taling,2d031e75794e6a97,아메리카요가 목동점,yoga,,,,,,,,"{""city"": ""청주"", ""type"": ""private"", ""instructor"": null, ""platform_url"": ""https://www.taling.me""}",2026-07-11T07:55:04.879482+00:00,'yoga':3 '목동점':2 '아메리카요가':1
564,,,taling,b02ee8cfe787f0fc,아메리카요가 청량리점,yoga,,,,,,,,"{""city"": ""청주"", ""type"": ""private"", ""instructor"": null, ""platform_url"": ""https://www.taling.me""}",2026-07-11T07:55:04.879496+00:00,'yoga':3 '아메리카요가':1 '청량리점':2
565,,,taling,a7d9b61a067a3e3b,아메리카요가 여의도점,yoga,,,,,,,,"{""city"": ""청주"", ""type"": ""private"", ""instructor"": null, ""platform_url"": ""https://www.taling.me""}",2026-07-11T07:55:04.879503+00:00,'yoga':3 '아메리카요가':1 '여의도점':2
566,,,taling,2bb2fe9031488915,하트풀니스 요가와 자애 명상,meditation,,,,,,,,"{""city"": ""청주"", ""type"": ""private"", ""instructor"": null, ""platform_url"": ""https://www.taling.me""}",2026-07-11T07:55:04.879555+00:00,'meditation':5 '명상':4 '요가와':2 '자애':3 '하트풀니스':1
567,,,taling,25c66ab51d22c803,요가강사로서의 성공전략,yoga,,,,,,,,"{""city"": ""청주"", ""type"": ""private"", ""instructor"": null, ""platform_url"": ""https://www.taling.me""}",2026-07-11T07:55:04.879661+00:00,'yoga':3 '성공전략':2 '요가강사로서의':1
568,,,taling,42faa4c3114286bb,올바른 휴식을 도와주는  회복 요가,yoga,,,,,,,,"{""city"": ""청주"", ""type"": ""private"", ""instructor"": null, ""platform_url"": ""https://www.taling.me""}",2026-07-11T07:55:04.879603+00:00,'yoga':6 '도와주는':3 '올바른':1 '요가':5 '회복':4 '휴식을':2
569,,,taling,667456c3109613c3,봄의 생기를 불어넣는 <br>전신 요가 (아쉬탕가) ,ashtanga,,,,,,,,"{""city"": ""청주"", ""type"": ""private"", ""instructor"": null, ""platform_url"": ""https://www.taling.me""}",2026-07-11T07:55:04.879708+00:00,'ashtanga':7 '봄의':1 '불어넣는':3 '생기를':2 '아쉬탕가':6 '요가':5 '전신':4
570,,,taling,4db7f5a54011f369,"아쉬탕가, 싱잉볼 명상, 요가<br>내 삶을 채우는 웰니스 패키지",ashtanga,,,,,,,,"{""city"": ""청주"", ""type"": ""private"", ""instructor"": null, ""platform_url"": ""https://www.taling.me""}",2026-07-11T07:55:04.879786+00:00,'ashtanga':10 '내':5 '명상':3 '삶을':6 '싱잉볼':2 '아쉬탕가':1 '요가':4 '웰니스':8 '채우는':7 '패키지':9
571,,,taling,96bec2dc6ec07941,"주말 요가, 디퓨져 원데이 클래스",yoga,,,,,,,,"{""city"": ""청주"", ""type"": ""private"", ""instructor"": null, ""platform_url"": ""https://www.taling.me""}",2026-07-11T07:55:04.879878+00:00,'yoga':6 '디퓨져':3 '요가':2 '원데이':4 '주말':1 '클래스':5
644,,,taling,c30db31cd1d9f899,"같이 춤 재밌고 쉽게,디테일하게 -개인레슨,그룹레슨-",,,,,,,,,"{""city"": ""대구"", ""type"": ""private"", ""instructor"": null, ""platform_url"": ""https://www.taling.me""}",2026-07-04T07:51:27.381957+00:00,'같이':1 '개인레슨':6 '그룹레슨':7 '디테일하게':5 '쉽게':4 '재밌고':3 '춤':2
645,,,taling,4a1eb279d6938d81,"몸치탈출 K-pop - 개인, 그룹, 원데이, 장기레슨",,,,,,,,,"{""city"": ""대구"", ""type"": ""private"", ""instructor"": null, ""platform_url"": ""https://www.taling.me""}",2026-07-04T07:51:27.394058+00:00,'k':3 'k-pop':2 'pop':4 '개인':5 '그룹':6 '몸치탈출':1 '원데이':7 '장기레슨':8
646,,,taling,e76cea8c0e089d16,"원데이, 그룹레슨 l 편안하고 전문적인 보컬레슨",,,,,,,,,"{""city"": ""대구"", ""type"": ""private"", ""instructor"": null, ""platform_url"": ""https://www.taling.me""}",2026-07-04T07:51:27.394420+00:00,'l':3 '그룹레슨':2 '보컬레슨':6 '원데이':1 '전문적인':5 '편안하고':4
661,,,taling,89b789f148009493,"같이 춤 재밌고 쉽게,디테일하게 -개인레슨,그룹레슨-",,,,,,,,,"{""city"": ""인천"", ""type"": ""private"", ""instructor"": null, ""platform_url"": ""https://www.taling.me""}",2026-07-04T07:52:24.511047+00:00,'같이':1 '개인레슨':6 '그룹레슨':7 '디테일하게':5 '쉽게':4 '재밌고':3 '춤':2
662,,,taling,af2d3671674c49b2,"몸치탈출 K-pop - 개인, 그룹, 원데이, 장기레슨",,,,,,,,,"{""city"": ""인천"", ""type"": ""private"", ""instructor"": null, ""platform_url"": ""https://www.taling.me""}",2026-07-04T07:52:24.517856+00:00,'k':3 'k-pop':2 'pop':4 '개인':5 '그룹':6 '몸치탈출':1 '원데이':7 '장기레슨':8
663,,,taling,83d541dd425feb60,"원데이, 그룹레슨 l 편안하고 전문적인 보컬레슨",,,,,,,,,"{""city"": ""인천"", ""type"": ""private"", ""instructor"": null, ""platform_url"": ""https://www.taling.me""}",2026-07-04T07:52:24.517970+00:00,'l':3 '그룹레슨':2 '보컬레슨':6 '원데이':1 '전문적인':5 '편안하고':4
762,,,taling,d0bbb90ab790697e,마음챙김 명상요가 - 마음 가는 대로 요가,yin,,,,,,,,"{""city"": ""전주"", ""type"": ""private"", ""instructor"": null, ""platform_url"": ""https://www.taling.me""}",2026-07-11T07:55:52.373318+00:00,'yin':7 '가는':4 '대로':5 '마음':3 '마음챙김':1 '명상요가':2 '요가':6
763,,,taling,015b416e1ebf091b,"성형 없이 얼굴 골격 재창조!
<셀프 경락 + 페이스 요가>",yoga,,,,,,,,"{""city"": ""전주"", ""type"": ""private"", ""instructor"": null, ""platform_url"": ""https://www.taling.me""}",2026-07-11T07:55:52.380963+00:00,'yoga':10 '경락':7 '골격':4 '성형':1 '셀프':6 '얼굴':3 '없이':2 '요가':9 '재창조':5 '페이스':8
764,,,taling,eeca4a44747c41c8,무너진 체형 8주 만에 리셋! <체형 교정 솔루션 요가>,yoga,,,,,,,,"{""city"": ""전주"", ""type"": ""private"", ""instructor"": null, ""platform_url"": ""https://www.taling.me""}",2026-07-11T07:55:52.381044+00:00,"'8주':3 'yoga':10 '교정':7 '리셋':5 '만에':4 '무너진':1 '솔루션':8 '요가':9 '체형':2,6"
765,,,taling,7735775e687c2521,아메리카요가 발산점,yoga,,,,,,,,"{""city"": ""전주"", ""type"": ""private"", ""instructor"": null, ""platform_url"": ""https://www.taling.me""}",2026-07-11T07:55:52.381064+00:00,'yoga':3 '발산점':2 '아메리카요가':1
766,,,taling,d3e7b2bc665630b0,아메리카요가 건대점,yoga,,,,,,,,"{""city"": ""전주"", ""type"": ""private"", ""instructor"": null, ""platform_url"": ""https://www.taling.me""}",2026-07-11T07:55:52.381098+00:00,'yoga':3 '건대점':2 '아메리카요가':1
767,,,taling,29d22c6670baac4d,아메리카요가 목동점,yoga,,,,,,,,"{""city"": ""전주"", ""type"": ""private"", ""instructor"": null, ""platform_url"": ""https://www.taling.me""}",2026-07-11T07:55:52.381082+00:00,'yoga':3 '목동점':2 '아메리카요가':1
768,,,taling,e99379fc3d04a52f,아메리카요가 청량리점,yoga,,,,,,,,"{""city"": ""전주"", ""type"": ""private"", ""instructor"": null, ""platform_url"": ""https://www.taling.me""}",2026-07-11T07:55:52.381115+00:00,'yoga':3 '아메리카요가':1 '청량리점':2
769,,,taling,0879054d7f1f58f9,아메리카요가 여의도점,yoga,,,,,,,,"{""city"": ""전주"", ""type"": ""private"", ""instructor"": null, ""platform_url"": ""https://www.taling.me""}",2026-07-11T07:55:52.381603+00:00,'yoga':3 '아메리카요가':1 '여의도점':2
770,,,taling,5272b09da6e63912,하트풀니스 요가와 자애 명상,meditation,,,,,,,,"{""city"": ""전주"", ""type"": ""private"", ""instructor"": null, ""platform_url"": ""https://www.taling.me""}",2026-07-11T07:55:52.381740+00:00,'meditation':5 '명상':4 '요가와':2 '자애':3 '하트풀니스':1
771,,,taling,772f8d546c99027f,요가강사로서의 성공전략,yoga,,,,,,,,"{""city"": ""전주"", ""type"": ""private"", ""instructor"": null, ""platform_url"": ""https://www.taling.me""}",2026-07-11T07:55:52.381949+00:00,'yoga':3 '성공전략':2 '요가강사로서의':1
772,,,taling,ae89ac9248d9aded,올바른 휴식을 도와주는  회복 요가,yoga,,,,,,,,"{""city"": ""전주"", ""type"": ""private"", ""instructor"": null, ""platform_url"": ""https://www.taling.me""}",2026-07-11T07:55:52.381848+00:00,'yoga':6 '도와주는':3 '올바른':1 '요가':5 '회복':4 '휴식을':2
773,,,taling,6bc065052027a602,봄의 생기를 불어넣는 <br>전신 요가 (아쉬탕가) ,ashtanga,,,,,,,,"{""city"": ""전주"", ""type"": ""private"", ""instructor"": null, ""platform_url"": ""https://www.taling.me""}",2026-07-11T07:55:52.382050+00:00,'ashtanga':7 '봄의':1 '불어넣는':3 '생기를':2 '아쉬탕가':6 '요가':5 '전신':4
774,,,taling,d89e792dbd4d8f93,"아쉬탕가, 싱잉볼 명상, 요가<br>내 삶을 채우는 웰니스 패키지",ashtanga,,,,,,,,"{""city"": ""전주"", ""type"": ""private"", ""instructor"": null, ""platform_url"": ""https://www.taling.me""}",2026-07-11T07:55:52.382150+00:00,'ashtanga':10 '내':5 '명상':3 '삶을':6 '싱잉볼':2 '아쉬탕가':1 '요가':4 '웰니스':8 '채우는':7 '패키지':9
775,,,taling,87b7afe88ebc87a0,"주말 요가, 디퓨져 원데이 클래스",yoga,,,,,,,,"{""city"": ""전주"", ""type"": ""private"", ""instructor"": null, ""platform_url"": ""https://www.taling.me""}",2026-07-11T07:55:52.382253+00:00,'yoga':6 '디퓨져':3 '요가':2 '원데이':4 '주말':1 '클래스':5
776,,,taling,25fe4c2bf2a92943,마음챙김 명상요가 - 마음 가는 대로 요가,yin,,,,,,,,"{""city"": ""안산"", ""type"": ""private"", ""instructor"": null, ""platform_url"": ""https://www.taling.me""}",2026-07-11T07:56:50.946308+00:00,'yin':7 '가는':4 '대로':5 '마음':3 '마음챙김':1 '명상요가':2 '요가':6
777,,,taling,1039db871f5069ad,"성형 없이 얼굴 골격 재창조!
<셀프 경락 + 페이스 요가>",yoga,,,,,,,,"{""city"": ""안산"", ""type"": ""private"", ""instructor"": null, ""platform_url"": ""https://www.taling.me""}",2026-07-11T07:56:50.957356+00:00,'yoga':10 '경락':7 '골격':4 '성형':1 '셀프':6 '얼굴':3 '없이':2 '요가':9 '재창조':5 '페이스':8
778,,,taling,12d8c3c114333e8d,무너진 체형 8주 만에 리셋! <체형 교정 솔루션 요가>,yoga,,,,,,,,"{""city"": ""안산"", ""type"": ""private"", ""instructor"": null, ""platform_url"": ""https://www.taling.me""}",2026-07-11T07:56:50.957431+00:00,"'8주':3 'yoga':10 '교정':7 '리셋':5 '만에':4 '무너진':1 '솔루션':8 '요가':9 '체형':2,6"
779,,,taling,79c5c1d330e4f6fe,아메리카요가 발산점,yoga,,,,,,,,"{""city"": ""안산"", ""type"": ""private"", ""instructor"": null, ""platform_url"": ""https://www.taling.me""}",2026-07-11T07:56:50.957449+00:00,'yoga':3 '발산점':2 '아메리카요가':1
780,,,taling,c9d952b6871df131,아메리카요가 건대점,yoga,,,,,,,,"{""city"": ""안산"", ""type"": ""private"", ""instructor"": null, ""platform_url"": ""https://www.taling.me""}",2026-07-11T07:56:50.957476+00:00,'yoga':3 '건대점':2 '아메리카요가':1
781,,,taling,232beea135bb176c,아메리카요가 목동점,yoga,,,,,,,,"{""city"": ""안산"", ""type"": ""private"", ""instructor"": null, ""platform_url"": ""https://www.taling.me""}",2026-07-11T07:56:50.957463+00:00,'yoga':3 '목동점':2 '아메리카요가':1
782,,,taling,17b0b8858b21f4be,아메리카요가 청량리점,yoga,,,,,,,,"{""city"": ""안산"", ""type"": ""private"", ""instructor"": null, ""platform_url"": ""https://www.taling.me""}",2026-07-11T07:56:50.957488+00:00,'yoga':3 '아메리카요가':1 '청량리점':2
783,,,taling,800420285ce36991,아메리카요가 여의도점,yoga,,,,,,,,"{""city"": ""안산"", ""type"": ""private"", ""instructor"": null, ""platform_url"": ""https://www.taling.me""}",2026-07-11T07:56:50.957501+00:00,'yoga':3 '아메리카요가':1 '여의도점':2
784,,,taling,d745847fecc27c90,하트풀니스 요가와 자애 명상,meditation,,,,,,,,"{""city"": ""안산"", ""type"": ""private"", ""instructor"": null, ""platform_url"": ""https://www.taling.me""}",2026-07-11T07:56:50.957601+00:00,'meditation':5 '명상':4 '요가와':2 '자애':3 '하트풀니스':1
785,,,taling,412120fe5cc93882,요가강사로서의 성공전략,yoga,,,,,,,,"{""city"": ""안산"", ""type"": ""private"", ""instructor"": null, ""platform_url"": ""https://www.taling.me""}",2026-07-11T07:56:50.957806+00:00,'yoga':3 '성공전략':2 '요가강사로서의':1
786,,,taling,f97c71c57f5ef863,올바른 휴식을 도와주는  회복 요가,yoga,,,,,,,,"{""city"": ""안산"", ""type"": ""private"", ""instructor"": null, ""platform_url"": ""https://www.taling.me""}",2026-07-11T07:56:50.957696+00:00,'yoga':6 '도와주는':3 '올바른':1 '요가':5 '회복':4 '휴식을':2
787,,,taling,051386a737b1933f,봄의 생기를 불어넣는 <br>전신 요가 (아쉬탕가) ,ashtanga,,,,,,,,"{""city"": ""안산"", ""type"": ""private"", ""instructor"": null, ""platform_url"": ""https://www.taling.me""}",2026-07-11T07:56:50.957901+00:00,'ashtanga':7 '봄의':1 '불어넣는':3 '생기를':2 '아쉬탕가':6 '요가':5 '전신':4
788,,,taling,293ded2e2e21c7e7,"아쉬탕가, 싱잉볼 명상, 요가<br>내 삶을 채우는 웰니스 패키지",ashtanga,,,,,,,,"{""city"": ""안산"", ""type"": ""private"", ""instructor"": null, ""platform_url"": ""https://www.taling.me""}",2026-07-11T07:56:50.957994+00:00,'ashtanga':10 '내':5 '명상':3 '삶을':6 '싱잉볼':2 '아쉬탕가':1 '요가':4 '웰니스':8 '채우는':7 '패키지':9
789,,,taling,2dae2c6b2334658d,"주말 요가, 디퓨져 원데이 클래스",yoga,,,,,,,,"{""city"": ""안산"", ""type"": ""private"", ""instructor"": null, ""platform_url"": ""https://www.taling.me""}",2026-07-11T07:56:50.958089+00:00,'yoga':6 '디퓨져':3 '요가':2 '원데이':4 '주말':1 '클래스':5
790,,,taling,2ce07b54c6e1957a,마음챙김 명상요가 - 마음 가는 대로 요가,yin,,,,,,,,"{""city"": ""안양"", ""type"": ""private"", ""instructor"": null, ""platform_url"": ""https://www.taling.me""}",2026-07-11T07:57:54.598659+00:00,'yin':7 '가는':4 '대로':5 '마음':3 '마음챙김':1 '명상요가':2 '요가':6
791,,,taling,6d0fa04f72f282b9,"성형 없이 얼굴 골격 재창조!
<셀프 경락 + 페이스 요가>",yoga,,,,,,,,"{""city"": ""안양"", ""type"": ""private"", ""instructor"": null, ""platform_url"": ""https://www.taling.me""}",2026-07-11T07:57:54.606935+00:00,'yoga':10 '경락':7 '골격':4 '성형':1 '셀프':6 '얼굴':3 '없이':2 '요가':9 '재창조':5 '페이스':8
792,,,taling,e23afa15c7458b75,무너진 체형 8주 만에 리셋! <체형 교정 솔루션 요가>,yoga,,,,,,,,"{""city"": ""안양"", ""type"": ""private"", ""instructor"": null, ""platform_url"": ""https://www.taling.me""}",2026-07-11T07:57:54.607008+00:00,"'8주':3 'yoga':10 '교정':7 '리셋':5 '만에':4 '무너진':1 '솔루션':8 '요가':9 '체형':2,6"
793,,,taling,36c20d499d82eef9,아메리카요가 발산점,yoga,,,,,,,,"{""city"": ""안양"", ""type"": ""private"", ""instructor"": null, ""platform_url"": ""https://www.taling.me""}",2026-07-11T07:57:54.607031+00:00,'yoga':3 '발산점':2 '아메리카요가':1
794,,,taling,c77db109099691e6,아메리카요가 건대점,yoga,,,,,,,,"{""city"": ""안양"", ""type"": ""private"", ""instructor"": null, ""platform_url"": ""https://www.taling.me""}",2026-07-11T07:57:54.607055+00:00,'yoga':3 '건대점':2 '아메리카요가':1
795,,,taling,b905ee35df0ff978,아메리카요가 목동점,yoga,,,,,,,,"{""city"": ""안양"", ""type"": ""private"", ""instructor"": null, ""platform_url"": ""https://www.taling.me""}",2026-07-11T07:57:54.607044+00:00,'yoga':3 '목동점':2 '아메리카요가':1
796,,,taling,e041fb547ec9fd55,아메리카요가 청량리점,yoga,,,,,,,,"{""city"": ""안양"", ""type"": ""private"", ""instructor"": null, ""platform_url"": ""https://www.taling.me""}",2026-07-11T07:57:54.607063+00:00,'yoga':3 '아메리카요가':1 '청량리점':2
797,,,taling,4fb54cc2a9386042,아메리카요가 여의도점,yoga,,,,,,,,"{""city"": ""안양"", ""type"": ""private"", ""instructor"": null, ""platform_url"": ""https://www.taling.me""}",2026-07-11T07:57:54.607071+00:00,'yoga':3 '아메리카요가':1 '여의도점':2
798,,,taling,a22d45b89afff0b8,하트풀니스 요가와 자애 명상,meditation,,,,,,,,"{""city"": ""안양"", ""type"": ""private"", ""instructor"": null, ""platform_url"": ""https://www.taling.me""}",2026-07-11T07:57:54.607156+00:00,'meditation':5 '명상':4 '요가와':2 '자애':3 '하트풀니스':1
799,,,taling,0be10d3d7b207b6d,요가강사로서의 성공전략,yoga,,,,,,,,"{""city"": ""안양"", ""type"": ""private"", ""instructor"": null, ""platform_url"": ""https://www.taling.me""}",2026-07-11T07:57:54.607339+00:00,'yoga':3 '성공전략':2 '요가강사로서의':1
800,,,taling,e68e8242532971f5,올바른 휴식을 도와주는  회복 요가,yoga,,,,,,,,"{""city"": ""안양"", ""type"": ""private"", ""instructor"": null, ""platform_url"": ""https://www.taling.me""}",2026-07-11T07:57:54.607248+00:00,'yoga':6 '도와주는':3 '올바른':1 '요가':5 '회복':4 '휴식을':2
801,,,taling,12a18067f4cec3dc,봄의 생기를 불어넣는 <br>전신 요가 (아쉬탕가) ,ashtanga,,,,,,,,"{""city"": ""안양"", ""type"": ""private"", ""instructor"": null, ""platform_url"": ""https://www.taling.me""}",2026-07-11T07:57:54.607432+00:00,'ashtanga':7 '봄의':1 '불어넣는':3 '생기를':2 '아쉬탕가':6 '요가':5 '전신':4
802,,,taling,eef74e495e3eb982,"아쉬탕가, 싱잉볼 명상, 요가<br>내 삶을 채우는 웰니스 패키지",ashtanga,,,,,,,,"{""city"": ""안양"", ""type"": ""private"", ""instructor"": null, ""platform_url"": ""https://www.taling.me""}",2026-07-11T07:57:54.607522+00:00,'ashtanga':10 '내':5 '명상':3 '삶을':6 '싱잉볼':2 '아쉬탕가':1 '요가':4 '웰니스':8 '채우는':7 '패키지':9
803,,,taling,9f67eb038966d4ea,"주말 요가, 디퓨져 원데이 클래스",yoga,,,,,,,,"{""city"": ""안양"", ""type"": ""private"", ""instructor"": null, ""platform_url"": ""https://www.taling.me""}",2026-07-11T07:57:54.607603+00:00,'yoga':6 '디퓨져':3 '요가':2 '원데이':4 '주말':1 '클래스':5
804,,,taling,edceef42d63c37d3,마음챙김 명상요가 - 마음 가는 대로 요가,yin,,,,,,,,"{""city"": ""남양주"", ""type"": ""private"", ""instructor"": null, ""platform_url"": ""https://www.taling.me""}",2026-07-11T07:58:45.072831+00:00,'yin':7 '가는':4 '대로':5 '마음':3 '마음챙김':1 '명상요가':2 '요가':6
805,,,taling,eec49b9700a00860,"성형 없이 얼굴 골격 재창조!
<셀프 경락 + 페이스 요가>",yoga,,,,,,,,"{""city"": ""남양주"", ""type"": ""private"", ""instructor"": null, ""platform_url"": ""https://www.taling.me""}",2026-07-11T07:58:45.080547+00:00,'yoga':10 '경락':7 '골격':4 '성형':1 '셀프':6 '얼굴':3 '없이':2 '요가':9 '재창조':5 '페이스':8
806,,,taling,4b70d1ea2f8c41fe,무너진 체형 8주 만에 리셋! <체형 교정 솔루션 요가>,yoga,,,,,,,,"{""city"": ""남양주"", ""type"": ""private"", ""instructor"": null, ""platform_url"": ""https://www.taling.me""}",2026-07-11T07:58:45.080603+00:00,"'8주':3 'yoga':10 '교정':7 '리셋':5 '만에':4 '무너진':1 '솔루션':8 '요가':9 '체형':2,6"
807,,,taling,9ca972e50ef2c57f,아메리카요가 발산점,yoga,,,,,,,,"{""city"": ""남양주"", ""type"": ""private"", ""instructor"": null, ""platform_url"": ""https://www.taling.me""}",2026-07-11T07:58:45.080615+00:00,'yoga':3 '발산점':2 '아메리카요가':1
808,,,taling,e442906344df3902,아메리카요가 건대점,yoga,,,,,,,,"{""city"": ""남양주"", ""type"": ""private"", ""instructor"": null, ""platform_url"": ""https://www.taling.me""}",2026-07-11T07:58:45.080633+00:00,'yoga':3 '건대점':2 '아메리카요가':1
809,,,taling,d8a377abb359b138,아메리카요가 목동점,yoga,,,,,,,,"{""city"": ""남양주"", ""type"": ""private"", ""instructor"": null, ""platform_url"": ""https://www.taling.me""}",2026-07-11T07:58:45.080624+00:00,'yoga':3 '목동점':2 '아메리카요가':1
810,,,taling,69fff5bf0f02a07a,아메리카요가 청량리점,yoga,,,,,,,,"{""city"": ""남양주"", ""type"": ""private"", ""instructor"": null, ""platform_url"": ""https://www.taling.me""}",2026-07-11T07:58:45.080641+00:00,'yoga':3 '아메리카요가':1 '청량리점':2
811,,,taling,66727307bd0281dd,아메리카요가 여의도점,yoga,,,,,,,,"{""city"": ""남양주"", ""type"": ""private"", ""instructor"": null, ""platform_url"": ""https://www.taling.me""}",2026-07-11T07:58:45.080649+00:00,'yoga':3 '아메리카요가':1 '여의도점':2
812,,,taling,b46a749751b4508f,하트풀니스 요가와 자애 명상,meditation,,,,,,,,"{""city"": ""남양주"", ""type"": ""private"", ""instructor"": null, ""platform_url"": ""https://www.taling.me""}",2026-07-11T07:58:45.080705+00:00,'meditation':5 '명상':4 '요가와':2 '자애':3 '하트풀니스':1
813,,,taling,20fdcf035a374142,요가강사로서의 성공전략,yoga,,,,,,,,"{""city"": ""남양주"", ""type"": ""private"", ""instructor"": null, ""platform_url"": ""https://www.taling.me""}",2026-07-11T07:58:45.080893+00:00,'yoga':3 '성공전략':2 '요가강사로서의':1
814,,,taling,23cfe52b9afd6ec3,올바른 휴식을 도와주는  회복 요가,yoga,,,,,,,,"{""city"": ""남양주"", ""type"": ""private"", ""instructor"": null, ""platform_url"": ""https://www.taling.me""}",2026-07-11T07:58:45.080796+00:00,'yoga':6 '도와주는':3 '올바른':1 '요가':5 '회복':4 '휴식을':2
815,,,taling,6dd9d64beff97a5d,봄의 생기를 불어넣는 <br>전신 요가 (아쉬탕가) ,ashtanga,,,,,,,,"{""city"": ""남양주"", ""type"": ""private"", ""instructor"": null, ""platform_url"": ""https://www.taling.me""}",2026-07-11T07:58:45.080989+00:00,'ashtanga':7 '봄의':1 '불어넣는':3 '생기를':2 '아쉬탕가':6 '요가':5 '전신':4
816,,,taling,0fb56f14f84d558e,"아쉬탕가, 싱잉볼 명상, 요가<br>내 삶을 채우는 웰니스 패키지",ashtanga,,,,,,,,"{""city"": ""남양주"", ""type"": ""private"", ""instructor"": null, ""platform_url"": ""https://www.taling.me""}",2026-07-11T07:58:45.081081+00:00,'ashtanga':10 '내':5 '명상':3 '삶을':6 '싱잉볼':2 '아쉬탕가':1 '요가':4 '웰니스':8 '채우는':7 '패키지':9
817,,,taling,fdd8bab667bc2cdc,"주말 요가, 디퓨져 원데이 클래스",yoga,,,,,,,,"{""city"": ""남양주"", ""type"": ""private"", ""instructor"": null, ""platform_url"": ""https://www.taling.me""}",2026-07-11T07:58:45.081173+00:00,'yoga':6 '디퓨져':3 '요가':2 '원데이':4 '주말':1 '클래스':5
818,,,taling,14f837e001a44454,마음챙김 명상요가 - 마음 가는 대로 요가,yin,,,,,,,,"{""city"": ""평택"", ""type"": ""private"", ""instructor"": null, ""platform_url"": ""https://www.taling.me""}",2026-07-04T08:05:07.778966+00:00,'yin':7 '가는':4 '대로':5 '마음':3 '마음챙김':1 '명상요가':2 '요가':6
819,,,taling,2274391e34b872a0,"성형 없이 얼굴 골격 재창조!
<셀프 경락 + 페이스 요가>",yoga,,,,,,,,"{""city"": ""평택"", ""type"": ""private"", ""instructor"": null, ""platform_url"": ""https://www.taling.me""}",2026-07-04T08:05:07.785405+00:00,'yoga':10 '경락':7 '골격':4 '성형':1 '셀프':6 '얼굴':3 '없이':2 '요가':9 '재창조':5 '페이스':8
820,,,taling,916ebbb7200f3164,무너진 체형 8주 만에 리셋! <체형 교정 솔루션 요가>,yoga,,,,,,,,"{""city"": ""평택"", ""type"": ""private"", ""instructor"": null, ""platform_url"": ""https://www.taling.me""}",2026-07-04T08:05:07.785491+00:00,"'8주':3 'yoga':10 '교정':7 '리셋':5 '만에':4 '무너진':1 '솔루션':8 '요가':9 '체형':2,6"
821,,,taling,79b6251ea5c09760,아메리카요가 발산점,yoga,,,,,,,,"{""city"": ""평택"", ""type"": ""private"", ""instructor"": null, ""platform_url"": ""https://www.taling.me""}",2026-07-04T08:05:07.785509+00:00,'yoga':3 '발산점':2 '아메리카요가':1
822,,,taling,ce560da2b0050416,아메리카요가 건대점,yoga,,,,,,,,"{""city"": ""평택"", ""type"": ""private"", ""instructor"": null, ""platform_url"": ""https://www.taling.me""}",2026-07-04T08:05:07.785523+00:00,'yoga':3 '건대점':2 '아메리카요가':1
823,,,taling,12641e0da06b074c,아메리카요가 목동점,yoga,,,,,,,,"{""city"": ""평택"", ""type"": ""private"", ""instructor"": null, ""platform_url"": ""https://www.taling.me""}",2026-07-04T08:05:07.785536+00:00,'yoga':3 '목동점':2 '아메리카요가':1
824,,,taling,68a8571fe2773e5f,아메리카요가 청량리점,yoga,,,,,,,,"{""city"": ""평택"", ""type"": ""private"", ""instructor"": null, ""platform_url"": ""https://www.taling.me""}",2026-07-04T08:05:07.785560+00:00,'yoga':3 '아메리카요가':1 '청량리점':2
825,,,taling,aa18ad6a5e423c3b,아메리카요가 여의도점,yoga,,,,,,,,"{""city"": ""평택"", ""type"": ""private"", ""instructor"": null, ""platform_url"": ""https://www.taling.me""}",2026-07-04T08:05:07.785548+00:00,'yoga':3 '아메리카요가':1 '여의도점':2
826,,,taling,affaf33671d97c20,하트풀니스 요가와 자애 명상,meditation,,,,,,,,"{""city"": ""평택"", ""type"": ""private"", ""instructor"": null, ""platform_url"": ""https://www.taling.me""}",2026-07-04T08:05:07.785659+00:00,'meditation':5 '명상':4 '요가와':2 '자애':3 '하트풀니스':1
827,,,taling,e1670a4ebee0714c,요가강사로서의 성공전략,yoga,,,,,,,,"{""city"": ""평택"", ""type"": ""private"", ""instructor"": null, ""platform_url"": ""https://www.taling.me""}",2026-07-04T08:05:07.785866+00:00,'yoga':3 '성공전략':2 '요가강사로서의':1
828,,,taling,bf0ae3be43f9e8f9,올바른 휴식을 도와주는  회복 요가,yoga,,,,,,,,"{""city"": ""평택"", ""type"": ""private"", ""instructor"": null, ""platform_url"": ""https://www.taling.me""}",2026-07-04T08:05:07.785756+00:00,'yoga':6 '도와주는':3 '올바른':1 '요가':5 '회복':4 '휴식을':2
829,,,taling,4c1b04d9cab791cc,봄의 생기를 불어넣는 <br>전신 요가 (아쉬탕가) ,ashtanga,,,,,,,,"{""city"": ""평택"", ""type"": ""private"", ""instructor"": null, ""platform_url"": ""https://www.taling.me""}",2026-07-04T08:05:07.785964+00:00,'ashtanga':7 '봄의':1 '불어넣는':3 '생기를':2 '아쉬탕가':6 '요가':5 '전신':4
830,,,taling,5e82a3ce4874f7f1,"아쉬탕가, 싱잉볼 명상, 요가<br>내 삶을 채우는 웰니스 패키지",ashtanga,,,,,,,,"{""city"": ""평택"", ""type"": ""private"", ""instructor"": null, ""platform_url"": ""https://www.taling.me""}",2026-07-04T08:05:07.786057+00:00,'ashtanga':10 '내':5 '명상':3 '삶을':6 '싱잉볼':2 '아쉬탕가':1 '요가':4 '웰니스':8 '채우는':7 '패키지':9
831,,,taling,53f6cc0a23cf7444,"주말 요가, 디퓨져 원데이 클래스",yoga,,,,,,,,"{""city"": ""평택"", ""type"": ""private"", ""instructor"": null, ""platform_url"": ""https://www.taling.me""}",2026-07-04T08:05:07.786953+00:00,'yoga':6 '디퓨져':3 '요가':2 '원데이':4 '주말':1 '클래스':5
832,,,taling,3506f588e5c0c689,마음챙김 명상요가 - 마음 가는 대로 요가,yin,,,,,,,,"{""city"": ""용인"", ""type"": ""private"", ""instructor"": null, ""platform_url"": ""https://www.taling.me""}",2026-07-11T08:01:55.583106+00:00,'yin':7 '가는':4 '대로':5 '마음':3 '마음챙김':1 '명상요가':2 '요가':6
833,,,taling,a196b4abf8a55109,"성형 없이 얼굴 골격 재창조!
<셀프 경락 + 페이스 요가>",yoga,,,,,,,,"{""city"": ""용인"", ""type"": ""private"", ""instructor"": null, ""platform_url"": ""https://www.taling.me""}",2026-07-11T08:01:55.590060+00:00,'yoga':10 '경락':7 '골격':4 '성형':1 '셀프':6 '얼굴':3 '없이':2 '요가':9 '재창조':5 '페이스':8
834,,,taling,6e49b14c76922069,무너진 체형 8주 만에 리셋! <체형 교정 솔루션 요가>,yoga,,,,,,,,"{""city"": ""용인"", ""type"": ""private"", ""instructor"": null, ""platform_url"": ""https://www.taling.me""}",2026-07-11T08:01:55.590131+00:00,"'8주':3 'yoga':10 '교정':7 '리셋':5 '만에':4 '무너진':1 '솔루션':8 '요가':9 '체형':2,6"
835,,,taling,24197c7847c1b124,아메리카요가 발산점,yoga,,,,,,,,"{""city"": ""용인"", ""type"": ""private"", ""instructor"": null, ""platform_url"": ""https://www.taling.me""}",2026-07-11T08:01:55.590148+00:00,'yoga':3 '발산점':2 '아메리카요가':1
836,,,taling,38a879c4e48b55c6,아메리카요가 건대점,yoga,,,,,,,,"{""city"": ""용인"", ""type"": ""private"", ""instructor"": null, ""platform_url"": ""https://www.taling.me""}",2026-07-11T08:01:55.590166+00:00,'yoga':3 '건대점':2 '아메리카요가':1
837,,,taling,e9fda6550429ebf4,아메리카요가 목동점,yoga,,,,,,,,"{""city"": ""용인"", ""type"": ""private"", ""instructor"": null, ""platform_url"": ""https://www.taling.me""}",2026-07-11T08:01:55.590158+00:00,'yoga':3 '목동점':2 '아메리카요가':1
838,,,taling,17b4b81b2c44da6b,아메리카요가 청량리점,yoga,,,,,,,,"{""city"": ""용인"", ""type"": ""private"", ""instructor"": null, ""platform_url"": ""https://www.taling.me""}",2026-07-11T08:01:55.590174+00:00,'yoga':3 '아메리카요가':1 '청량리점':2
839,,,taling,b28b8cc093b4178a,아메리카요가 여의도점,yoga,,,,,,,,"{""city"": ""용인"", ""type"": ""private"", ""instructor"": null, ""platform_url"": ""https://www.taling.me""}",2026-07-11T08:01:55.590181+00:00,'yoga':3 '아메리카요가':1 '여의도점':2
840,,,taling,ef88816091c94e3f,하트풀니스 요가와 자애 명상,meditation,,,,,,,,"{""city"": ""용인"", ""type"": ""private"", ""instructor"": null, ""platform_url"": ""https://www.taling.me""}",2026-07-11T08:01:55.590234+00:00,'meditation':5 '명상':4 '요가와':2 '자애':3 '하트풀니스':1
841,,,taling,05d32bc1970bea27,요가강사로서의 성공전략,yoga,,,,,,,,"{""city"": ""용인"", ""type"": ""private"", ""instructor"": null, ""platform_url"": ""https://www.taling.me""}",2026-07-11T08:01:55.590345+00:00,'yoga':3 '성공전략':2 '요가강사로서의':1
842,,,taling,853a6ab92c1c5dc3,올바른 휴식을 도와주는  회복 요가,yoga,,,,,,,,"{""city"": ""용인"", ""type"": ""private"", ""instructor"": null, ""platform_url"": ""https://www.taling.me""}",2026-07-11T08:01:55.590282+00:00,'yoga':6 '도와주는':3 '올바른':1 '요가':5 '회복':4 '휴식을':2
843,,,taling,d8247f94dc28e872,봄의 생기를 불어넣는 <br>전신 요가 (아쉬탕가) ,ashtanga,,,,,,,,"{""city"": ""용인"", ""type"": ""private"", ""instructor"": null, ""platform_url"": ""https://www.taling.me""}",2026-07-11T08:01:55.590423+00:00,'ashtanga':7 '봄의':1 '불어넣는':3 '생기를':2 '아쉬탕가':6 '요가':5 '전신':4
844,,,taling,e7aa07330c3dab78,"아쉬탕가, 싱잉볼 명상, 요가<br>내 삶을 채우는 웰니스 패키지",ashtanga,,,,,,,,"{""city"": ""용인"", ""type"": ""private"", ""instructor"": null, ""platform_url"": ""https://www.taling.me""}",2026-07-11T08:01:55.590509+00:00,'ashtanga':10 '내':5 '명상':3 '삶을':6 '싱잉볼':2 '아쉬탕가':1 '요가':4 '웰니스':8 '채우는':7 '패키지':9
845,,,taling,4a5dfa4e0196dea7,"주말 요가, 디퓨져 원데이 클래스",yoga,,,,,,,,"{""city"": ""용인"", ""type"": ""private"", ""instructor"": null, ""platform_url"": ""https://www.taling.me""}",2026-07-11T08:01:55.590598+00:00,'yoga':6 '디퓨져':3 '요가':2 '원데이':4 '주말':1 '클래스':5
1143,,,taling,2a1eb55805635159,"같이 춤 재밌고 쉽게,디테일하게 -개인레슨,그룹레슨-",,,,,,,,,"{""city"": ""광주"", ""type"": ""private"", ""instructor"": null, ""platform_url"": ""https://www.taling.me""}",2026-06-16T07:48:32.177716+00:00,'같이':1 '개인레슨':6 '그룹레슨':7 '디테일하게':5 '쉽게':4 '재밌고':3 '춤':2
1144,,,taling,182bbcc07df4eee0,"몸치탈출 K-pop - 개인, 그룹, 원데이, 장기레슨",,,,,,,,,"{""city"": ""광주"", ""type"": ""private"", ""instructor"": null, ""platform_url"": ""https://www.taling.me""}",2026-06-16T07:48:32.181182+00:00,'k':3 'k-pop':2 'pop':4 '개인':5 '그룹':6 '몸치탈출':1 '원데이':7 '장기레슨':8
1148,,,taling,cd9341c8e527a6e3,"원데이, 그룹레슨 l 편안하고 전문적인 보컬레슨",,,,,,,,,"{""city"": ""광주"", ""type"": ""private"", ""instructor"": null, ""platform_url"": ""https://www.taling.me""}",2026-06-16T07:48:32.181446+00:00,'l':3 '그룹레슨':2 '보컬레슨':6 '원데이':1 '전문적인':5 '편안하고':4
1746,,,taling,fbd3c12cd1adcd69,하트풀니스 요가와 자애 명상,meditation,,,,,,,,"{""city"": ""서울"", ""type"": ""private"", ""instructor"": null, ""platform_url"": ""https://www.taling.me""}",2026-07-10T07:46:43.598239+00:00,'meditation':5 '명상':4 '요가와':2 '자애':3 '하트풀니스':1
2455,,,taling,b0a4363b8072a652,마음챙김 명상요가 - 마음 가는 대로 요가,yin,,,,,,,,"{""city"": ""화성"", ""type"": ""private"", ""instructor"": null, ""platform_url"": ""https://www.taling.me""}",2026-07-11T07:59:29.483391+00:00,'yin':7 '가는':4 '대로':5 '마음':3 '마음챙김':1 '명상요가':2 '요가':6
2456,,,taling,688476d77a2798df,"성형 없이 얼굴 골격 재창조!
<셀프 경락 + 페이스 요가>",yoga,,,,,,,,"{""city"": ""화성"", ""type"": ""private"", ""instructor"": null, ""platform_url"": ""https://www.taling.me""}",2026-07-11T07:59:29.491868+00:00,'yoga':10 '경락':7 '골격':4 '성형':1 '셀프':6 '얼굴':3 '없이':2 '요가':9 '재창조':5 '페이스':8
2457,,,taling,6cfe7ef959a3d437,무너진 체형 8주 만에 리셋! <체형 교정 솔루션 요가>,yoga,,,,,,,,"{""city"": ""화성"", ""type"": ""private"", ""instructor"": null, ""platform_url"": ""https://www.taling.me""}",2026-07-11T07:59:29.491945+00:00,"'8주':3 'yoga':10 '교정':7 '리셋':5 '만에':4 '무너진':1 '솔루션':8 '요가':9 '체형':2,6"
2458,,,taling,e25d04ae7bfc73e4,아메리카요가 발산점,yoga,,,,,,,,"{""city"": ""화성"", ""type"": ""private"", ""instructor"": null, ""platform_url"": ""https://www.taling.me""}",2026-07-11T07:59:29.491968+00:00,'yoga':3 '발산점':2 '아메리카요가':1
2459,,,taling,383a8f0d9ed5e2dd,아메리카요가 건대점,yoga,,,,,,,,"{""city"": ""화성"", ""type"": ""private"", ""instructor"": null, ""platform_url"": ""https://www.taling.me""}",2026-07-11T07:59:29.492059+00:00,'yoga':3 '건대점':2 '아메리카요가':1
2460,,,taling,9f2ddbf141536059,아메리카요가 목동점,yoga,,,,,,,,"{""city"": ""화성"", ""type"": ""private"", ""instructor"": null, ""platform_url"": ""https://www.taling.me""}",2026-07-11T07:59:29.491982+00:00,'yoga':3 '목동점':2 '아메리카요가':1
2461,,,taling,bcf8ff5177599ead,아메리카요가 여의도점,yoga,,,,,,,,"{""city"": ""화성"", ""type"": ""private"", ""instructor"": null, ""platform_url"": ""https://www.taling.me""}",2026-07-11T07:59:29.492085+00:00,'yoga':3 '아메리카요가':1 '여의도점':2
2462,,,taling,77899f1a8ca2f85f,아메리카요가 청량리점,yoga,,,,,,,,"{""city"": ""화성"", ""type"": ""private"", ""instructor"": null, ""platform_url"": ""https://www.taling.me""}",2026-07-11T07:59:29.492073+00:00,'yoga':3 '아메리카요가':1 '청량리점':2
2463,,,taling,2aa01710a0b821df,하트풀니스 요가와 자애 명상,meditation,,,,,,,,"{""city"": ""화성"", ""type"": ""private"", ""instructor"": null, ""platform_url"": ""https://www.taling.me""}",2026-07-11T07:59:29.492183+00:00,'meditation':5 '명상':4 '요가와':2 '자애':3 '하트풀니스':1
2464,,,taling,ac300120f2b7b57c,올바른 휴식을 도와주는  회복 요가,yoga,,,,,,,,"{""city"": ""화성"", ""type"": ""private"", ""instructor"": null, ""platform_url"": ""https://www.taling.me""}",2026-07-11T07:59:29.492264+00:00,'yoga':6 '도와주는':3 '올바른':1 '요가':5 '회복':4 '휴식을':2
2465,,,taling,e6c872976821cd25,요가강사로서의 성공전략,yoga,,,,,,,,"{""city"": ""화성"", ""type"": ""private"", ""instructor"": null, ""platform_url"": ""https://www.taling.me""}",2026-07-11T07:59:29.492352+00:00,'yoga':3 '성공전략':2 '요가강사로서의':1
2466,,,taling,714d39a59842170b,봄의 생기를 불어넣는 <br>전신 요가 (아쉬탕가) ,ashtanga,,,,,,,,"{""city"": ""화성"", ""type"": ""private"", ""instructor"": null, ""platform_url"": ""https://www.taling.me""}",2026-07-11T07:59:29.492441+00:00,'ashtanga':7 '봄의':1 '불어넣는':3 '생기를':2 '아쉬탕가':6 '요가':5 '전신':4
2467,,,taling,3ba9dd267948a77e,"아쉬탕가, 싱잉볼 명상, 요가<br>내 삶을 채우는 웰니스 패키지",ashtanga,,,,,,,,"{""city"": ""화성"", ""type"": ""private"", ""instructor"": null, ""platform_url"": ""https://www.taling.me""}",2026-07-11T07:59:29.492533+00:00,'ashtanga':10 '내':5 '명상':3 '삶을':6 '싱잉볼':2 '아쉬탕가':1 '요가':4 '웰니스':8 '채우는':7 '패키지':9
2468,,,taling,7f22cb8b47b3eb75,"주말 요가, 디퓨져 원데이 클래스",yoga,,,,,,,,"{""city"": ""화성"", ""type"": ""private"", ""instructor"": null, ""platform_url"": ""https://www.taling.me""}",2026-07-11T07:59:29.492619+00:00,'yoga':6 '디퓨져':3 '요가':2 '원데이':4 '주말':1 '클래스':5
